OrderID,CustomerID,Restaurant,Cuisine,OrderTime,DeliveryTime,City,PaymentMethod,DeliveryRating,Price
O0001,C9303,Burger Singh,Biryani,2023-01-01 20:48:00,2023-01-01 21:39:00,Mumbai,COD,4,674.3
O0002,C3578,Oven Story Pizza,Italian,2023-01-24 20:50:00,2023-01-24 22:00:00,Mumbai,UPI,5,436.75
O0003,C8252,Oven Story Pizza,Italian,2023-10-18 12:10:00,2023-10-18 12:44:00,Pune,COD,3,194.8
O0004,C7481,The Belgian Waffle Co.,South Indian,2023-10-06 12:23:00,2023-10-06 13:23:00,Mumbai,UPI,3,712.53
O0005,C3508,Barbeque Nation,Italian,2023-12-22 12:41:00,2023-12-22 13:51:00,Chennai,Wallet,3,326.57
O0006,C5044,Burger Singh,Biryani,2023-12-01 19:57:00,2023-12-01 21:08:00,Bangalore,UPI,3,304.84
O0007,C2254,Keventers,Chinese,2023-12-05 12:17:00,2023-12-05 13:27:00,Hyderabad,Wallet,1,196.79
O0008,C6531,Biryani Blues,Fast Food,2023-10-03 19:12:00,2023-10-03 19:50:00,Kolkata,COD,1,159.41
O0009,C7639,Oven Story Pizza,Continental,2023-06-01 13:01:00,2023-06-01 14:00:00,Kolkata,Credit Card,3,765.93
O0010,C7621,Barbeque Nation,Chinese,2023-11-09 19:09:00,2023-11-09 19:53:00,Ahmedabad,Credit Card,2,748.44
O0011,C7671,Barbeque Nation,North Indian,2023-04-25 12:09:00,2023-04-25 12:49:00,Bangalore,COD,3,334.88
O0012,C8389,Faasos,Italian,2023-05-25 20:01:00,2023-05-25 21:13:00,Ahmedabad,UPI,3,452.45
O0013,C1378,Burger Singh,Italian,2023-11-17 11:37:00,2023-11-17 12:36:00,Pune,Wallet,5,189.36
O0014,C7284,Burger Singh,Continental,2023-08-22 21:10:00,2023-08-22 22:15:00,Mumbai,UPI,3,377.63
O0015,C8880,The Belgian Waffle Co.,North Indian,2023-11-23 11:35:00,2023-11-23 11:57:00,Bangalore,UPI,1,356.07
O0016,C2564,The Belgian Waffle Co.,Desserts,2023-12-21 12:05:00,2023-12-21 12:35:00,Delhi,Wallet,5,610.76
O0017,C4210,FreshMenu,Fast Food,2023-02-12 12:15:00,2023-02-12 12:55:00,Delhi,COD,2,582.41
O0018,C4205,Oven Story Pizza,Fast Food,2023-03-02 13:47:00,2023-03-02 15:01:00,Mumbai,UPI,5,349.27
O0019,C3642,Burger Singh,Chinese,2023-07-04 12:25:00,2023-07-04 13:37:00,Ahmedabad,COD,1,348.84
O0020,C3307,Oven Story Pizza,Italian,2023-10-23 20:59:00,2023-10-23 22:02:00,Delhi,UPI,1,362.01
O0021,C5666,Biryani Blues,South Indian,2023-03-13 19:12:00,2023-03-13 19:51:00,Kolkata,COD,5,257.41
O0022,C5054,Oven Story Pizza,South Indian,2023-10-17 21:45:00,2023-10-17 22:10:00,Hyderabad,Wallet,1,555.8
O0023,C1388,Biryani Blues,North Indian,2023-08-06 21:33:00,2023-08-06 22:29:00,Pune,COD,3,487.23
O0024,C4692,Box8,Continental,2023-09-10 12:04:00,2023-09-10 13:18:00,Hyderabad,Wallet,4,644.33
O0025,C3065,The Belgian Waffle Co.,South Indian,2023-12-09 12:33:00,2023-12-09 13:27:00,Chennai,Credit Card,4,374.51
O0026,C4122,Biryani Blues,Fast Food,2023-04-07 20:40:00,2023-04-07 21:16:00,Hyderabad,Credit Card,5,708.34
O0027,C4689,Oven Story Pizza,Desserts,2023-02-22 13:45:00,2023-02-22 14:48:00,Delhi,COD,4,785.33
O0028,C2220,Keventers,Biryani,2023-10-25 20:33:00,2023-10-25 21:03:00,Chennai,UPI,1,313.99
O0029,C7138,Burger Singh,South Indian,2023-06-06 19:27:00,2023-06-06 20:16:00,Hyderabad,UPI,5,614.14
O0030,C3138,Behrouz Biryani,Chinese,2023-07-10 11:42:00,2023-07-10 12:16:00,Kolkata,Credit Card,4,438.06
O0031,C9474,Box8,Fast Food,2023-09-09 19:36:00,2023-09-09 20:44:00,Hyderabad,COD,4,391.05
O0032,C7943,Behrouz Biryani,Biryani,2023-03-02 21:26:00,2023-03-02 22:28:00,Chennai,UPI,2,446.89
O0033,C7186,Oven Story Pizza,Continental,2023-10-28 11:12:00,2023-10-28 12:19:00,Hyderabad,Credit Card,4,320.75
O0034,C5219,The Belgian Waffle Co.,Continental,2023-05-10 19:44:00,2023-05-10 20:15:00,Ahmedabad,Credit Card,3,202.61
O0035,C8384,Oven Story Pizza,Continental,2023-05-15 11:06:00,2023-05-15 11:50:00,Bangalore,Wallet,2,442.8
O0036,C1000,Barbeque Nation,North Indian,2023-11-06 19:08:00,2023-11-06 20:03:00,Kolkata,Wallet,2,756.17
O0037,C2617,FreshMenu,South Indian,2023-07-21 21:01:00,2023-07-21 21:24:00,Kolkata,COD,2,150.72
O0038,C7406,Box8,Biryani,2023-05-17 13:55:00,2023-05-17 15:03:00,Hyderabad,UPI,1,534.24
O0039,C6443,Biryani Blues,Chinese,2023-09-04 20:05:00,2023-09-04 21:19:00,Ahmedabad,Wallet,4,228.86
O0040,C6318,FreshMenu,North Indian,2023-03-11 19:20:00,2023-03-11 19:58:00,Mumbai,Credit Card,5,571.56
O0041,C8673,FreshMenu,Italian,2023-06-04 20:58:00,2023-06-04 21:51:00,Hyderabad,COD,3,495.6
O0042,C8279,Barbeque Nation,Desserts,2023-06-21 19:29:00,2023-06-21 20:38:00,Mumbai,Wallet,5,672.81
O0043,C3902,Behrouz Biryani,Continental,2023-02-03 19:34:00,2023-02-03 20:06:00,Mumbai,Wallet,5,533.61
O0044,C7377,Keventers,Fast Food,2023-02-07 21:35:00,2023-02-07 22:15:00,Pune,COD,3,150.56
O0045,C1071,Keventers,Biryani,2023-05-16 13:30:00,2023-05-16 14:15:00,Ahmedabad,Credit Card,2,668.73
O0046,C3130,Faasos,North Indian,2023-11-08 21:03:00,2023-11-08 22:00:00,Bangalore,UPI,5,255.01
O0047,C9948,Keventers,Fast Food,2023-02-13 11:10:00,2023-02-13 12:06:00,Delhi,COD,1,561.54
O0048,C3523,The Belgian Waffle Co.,Continental,2023-04-21 21:02:00,2023-04-21 21:43:00,Mumbai,UPI,4,269.85
O0049,C1003,Burger Singh,South Indian,2023-05-03 12:24:00,2023-05-03 12:56:00,Hyderabad,UPI,4,264.34
O0050,C5039,Keventers,North Indian,2023-08-03 19:48:00,2023-08-03 20:40:00,Chennai,Credit Card,5,410.74
O0051,C4001,Biryani Blues,Biryani,2023-11-06 12:32:00,2023-11-06 13:14:00,Hyderabad,UPI,1,530.97
O0052,C6732,Burger Singh,Fast Food,2023-07-08 11:15:00,2023-07-08 12:25:00,Delhi,Credit Card,5,708.06
O0053,C5862,Barbeque Nation,Italian,2023-08-27 19:36:00,2023-08-27 20:18:00,Hyderabad,Credit Card,4,520.31
O0054,C5488,Biryani Blues,Fast Food,2023-12-20 19:11:00,2023-12-20 20:06:00,Mumbai,UPI,3,361.32
O0055,C6405,Keventers,Desserts,2023-02-17 12:25:00,2023-02-17 13:27:00,Kolkata,UPI,3,380.7
O0056,C9677,Biryani Blues,Desserts,2023-10-20 21:56:00,2023-10-20 23:02:00,Ahmedabad,UPI,4,593.95
O0057,C3541,Oven Story Pizza,Desserts,2023-02-26 19:26:00,2023-02-26 20:25:00,Chennai,COD,1,381.02
O0058,C2544,Barbeque Nation,Continental,2023-10-01 13:16:00,2023-10-01 13:51:00,Mumbai,UPI,5,384.78
O0059,C8519,The Belgian Waffle Co.,Italian,2023-10-22 19:55:00,2023-10-22 21:07:00,Delhi,COD,3,773.41
O0060,C9025,Behrouz Biryani,South Indian,2023-05-02 11:14:00,2023-05-02 11:49:00,Chennai,UPI,3,607.38
O0061,C2194,Oven Story Pizza,Fast Food,2023-03-17 13:21:00,2023-03-17 14:05:00,Pune,COD,4,577.71
O0062,C9923,Box8,Biryani,2023-11-18 21:30:00,2023-11-18 22:21:00,Pune,Wallet,5,348.54
O0063,C7384,Faasos,Fast Food,2023-07-10 13:53:00,2023-07-10 14:50:00,Bangalore,UPI,5,674.03
O0064,C1836,Oven Story Pizza,Desserts,2023-07-24 19:03:00,2023-07-24 20:12:00,Mumbai,UPI,1,678.06
O0065,C2717,Box8,Continental,2023-06-04 19:36:00,2023-06-04 20:41:00,Hyderabad,Credit Card,5,770.15
O0066,C7611,Oven Story Pizza,Italian,2023-02-26 12:33:00,2023-02-26 12:59:00,Chennai,Credit Card,2,769.16
O0067,C8861,FreshMenu,South Indian,2023-08-06 12:25:00,2023-08-06 13:03:00,Mumbai,Wallet,3,310.64
O0068,C5330,Faasos,Italian,2023-08-27 19:31:00,2023-08-27 20:32:00,Bangalore,Credit Card,1,749.48
O0069,C1084,Box8,North Indian,2023-10-26 13:02:00,2023-10-26 13:47:00,Kolkata,Wallet,5,415.78
O0070,C5276,Barbeque Nation,South Indian,2023-11-17 19:45:00,2023-11-17 20:21:00,Mumbai,UPI,1,575.16
O0071,C4434,Biryani Blues,Italian,2023-04-08 19:21:00,2023-04-08 19:59:00,Chennai,COD,1,429.7
O0072,C3825,Keventers,South Indian,2023-07-07 19:40:00,2023-07-07 20:07:00,Mumbai,Credit Card,3,694.2
O0073,C8293,Biryani Blues,Desserts,2023-11-17 11:18:00,2023-11-17 12:14:00,Kolkata,COD,1,229.79
O0074,C4712,Oven Story Pizza,Desserts,2023-11-22 12:51:00,2023-11-22 13:33:00,Kolkata,Wallet,1,505.07
O0075,C2422,Box8,Italian,2023-03-08 20:45:00,2023-03-08 21:58:00,Hyderabad,COD,5,316.38
O0076,C5717,Biryani Blues,Biryani,2023-02-11 13:49:00,2023-02-11 14:36:00,Hyderabad,UPI,4,571.63
O0077,C8373,Keventers,Fast Food,2023-08-12 20:44:00,2023-08-12 21:14:00,Chennai,UPI,3,320.0
O0078,C9243,FreshMenu,Continental,2023-09-13 19:17:00,2023-09-13 20:27:00,Bangalore,Wallet,3,151.87
O0079,C2616,Faasos,Chinese,2023-04-18 13:40:00,2023-04-18 14:09:00,Kolkata,COD,2,301.34
O0080,C5848,Keventers,Continental,2023-05-14 20:57:00,2023-05-14 22:03:00,Hyderabad,UPI,1,537.08
O0081,C6654,Biryani Blues,Continental,2023-03-12 21:27:00,2023-03-12 21:51:00,Bangalore,Wallet,1,517.64
O0082,C4717,Behrouz Biryani,North Indian,2023-12-27 20:35:00,2023-12-27 21:02:00,Mumbai,UPI,4,576.33
O0083,C4413,Box8,Desserts,2023-11-01 21:35:00,2023-11-01 22:22:00,Bangalore,Wallet,5,595.9
O0084,C7451,FreshMenu,Chinese,2023-10-01 12:58:00,2023-10-01 13:23:00,Delhi,Wallet,4,699.26
O0085,C9697,Oven Story Pizza,Desserts,2023-10-18 13:49:00,2023-10-18 14:37:00,Chennai,COD,5,530.14
O0086,C4316,Keventers,Fast Food,2023-07-05 20:38:00,2023-07-05 21:41:00,Kolkata,Credit Card,2,494.91
O0087,C9604,Faasos,North Indian,2023-01-01 19:32:00,2023-01-01 20:43:00,Hyderabad,Credit Card,3,552.57
O0088,C7307,Biryani Blues,Biryani,2023-08-04 12:58:00,2023-08-04 13:53:00,Kolkata,COD,5,623.4
O0089,C6784,Keventers,North Indian,2023-09-21 12:20:00,2023-09-21 13:29:00,Pune,Credit Card,1,612.85
O0090,C6986,Barbeque Nation,Italian,2023-07-10 12:49:00,2023-07-10 13:51:00,Kolkata,Wallet,3,191.75
O0091,C1546,Burger Singh,North Indian,2023-07-05 11:06:00,2023-07-05 12:03:00,Hyderabad,Credit Card,4,320.24
O0092,C6100,The Belgian Waffle Co.,South Indian,2023-09-14 12:53:00,2023-09-14 13:13:00,Ahmedabad,Credit Card,5,790.58
O0093,C7681,Box8,Desserts,2023-02-08 19:03:00,2023-02-08 19:55:00,Pune,Credit Card,1,431.86
O0094,C6708,Biryani Blues,Chinese,2023-01-25 20:01:00,2023-01-25 21:12:00,Kolkata,Wallet,2,206.75
O0095,C8314,Biryani Blues,Desserts,2023-06-01 21:34:00,2023-06-01 22:18:00,Pune,Wallet,5,618.91
O0096,C7824,The Belgian Waffle Co.,South Indian,2023-02-20 20:23:00,2023-02-20 21:09:00,Kolkata,COD,4,163.84
O0097,C8468,The Belgian Waffle Co.,South Indian,2023-12-13 20:59:00,2023-12-13 21:35:00,Pune,UPI,5,153.14
O0098,C2524,Burger Singh,Fast Food,2023-11-17 20:13:00,2023-11-17 20:46:00,Ahmedabad,Wallet,1,539.98
O0099,C5831,Burger Singh,Desserts,2023-06-20 20:01:00,2023-06-20 20:37:00,Hyderabad,Wallet,2,663.71
O0100,C6131,Box8,Continental,2023-03-14 11:12:00,2023-03-14 11:45:00,Mumbai,UPI,4,465.81
O0101,C7197,FreshMenu,South Indian,2023-06-05 13:31:00,2023-06-05 14:08:00,Mumbai,Credit Card,1,479.0
O0102,C3263,Oven Story Pizza,Chinese,2023-07-21 12:09:00,2023-07-21 12:47:00,Bangalore,Wallet,2,425.08
O0103,C4236,Keventers,Chinese,2023-05-19 13:56:00,2023-05-19 14:30:00,Ahmedabad,Credit Card,1,325.43
O0104,C2979,Biryani Blues,Italian,2023-06-15 19:27:00,2023-06-15 19:51:00,Ahmedabad,COD,2,492.02
O0105,C2692,Faasos,North Indian,2023-01-17 20:42:00,2023-01-17 21:07:00,Kolkata,COD,5,200.21
O0106,C7868,Burger Singh,Continental,2023-10-09 21:39:00,2023-10-09 22:16:00,Bangalore,COD,5,654.67
O0107,C7726,Box8,Fast Food,2023-09-01 13:28:00,2023-09-01 13:58:00,Pune,UPI,2,576.79
O0108,C4570,FreshMenu,Biryani,2023-09-20 12:14:00,2023-09-20 12:35:00,Chennai,COD,4,313.13
O0109,C8551,Faasos,Fast Food,2023-05-27 13:15:00,2023-05-27 14:18:00,Pune,Wallet,5,241.53
O0110,C8284,Faasos,South Indian,2023-07-06 20:53:00,2023-07-06 21:52:00,Ahmedabad,COD,1,766.75
O0111,C6113,FreshMenu,Chinese,2023-01-06 11:18:00,2023-01-06 12:18:00,Mumbai,UPI,3,681.26
O0112,C9831,Burger Singh,Continental,2023-06-06 19:19:00,2023-06-06 20:00:00,Pune,Credit Card,5,172.7
O0113,C8174,Faasos,Italian,2023-08-10 20:45:00,2023-08-10 22:00:00,Chennai,COD,5,475.25
O0114,C6399,Barbeque Nation,South Indian,2023-11-23 19:31:00,2023-11-23 20:00:00,Chennai,Credit Card,3,215.3
O0115,C5827,Barbeque Nation,Chinese,2023-08-10 11:07:00,2023-08-10 12:22:00,Pune,COD,1,713.12
O0116,C4488,Faasos,Continental,2023-09-21 20:46:00,2023-09-21 21:57:00,Delhi,Wallet,3,223.2
O0117,C8917,Barbeque Nation,Continental,2023-01-13 13:47:00,2023-01-13 14:34:00,Mumbai,Wallet,2,340.01
O0118,C2342,Barbeque Nation,South Indian,2023-02-13 19:01:00,2023-02-13 20:14:00,Bangalore,Wallet,5,456.72
O0119,C3896,Barbeque Nation,Continental,2023-06-12 19:33:00,2023-06-12 20:05:00,Pune,COD,5,395.75
O0120,C5400,Keventers,Desserts,2023-04-15 21:47:00,2023-04-15 22:59:00,Mumbai,Wallet,3,744.65
O0121,C4402,Keventers,Chinese,2023-03-27 19:18:00,2023-03-27 20:29:00,Pune,COD,1,556.22
O0122,C7779,Oven Story Pizza,Biryani,2023-07-11 21:36:00,2023-07-11 22:11:00,Pune,COD,4,380.89
O0123,C3007,Biryani Blues,South Indian,2023-08-08 13:16:00,2023-08-08 14:02:00,Chennai,COD,2,578.71
O0124,C1893,Oven Story Pizza,North Indian,2023-07-13 19:41:00,2023-07-13 20:51:00,Hyderabad,UPI,5,389.65
O0125,C4751,Behrouz Biryani,Biryani,2023-09-04 20:25:00,2023-09-04 21:21:00,Ahmedabad,Credit Card,5,336.73
O0126,C8833,Burger Singh,Italian,2023-03-26 13:07:00,2023-03-26 13:39:00,Hyderabad,Credit Card,1,244.15
O0127,C1750,Box8,Continental,2023-10-14 12:32:00,2023-10-14 12:52:00,Delhi,Credit Card,4,412.91
O0128,C8672,Barbeque Nation,Desserts,2023-01-21 12:15:00,2023-01-21 12:38:00,Chennai,Credit Card,2,340.2
O0129,C2233,The Belgian Waffle Co.,Italian,2023-11-13 21:11:00,2023-11-13 22:03:00,Pune,Credit Card,5,531.68
O0130,C9965,The Belgian Waffle Co.,South Indian,2023-07-03 13:08:00,2023-07-03 14:18:00,Hyderabad,Credit Card,1,505.13
O0131,C4250,Behrouz Biryani,Continental,2023-03-19 13:48:00,2023-03-19 14:48:00,Kolkata,Credit Card,1,260.83
O0132,C5034,Barbeque Nation,Desserts,2023-07-06 12:46:00,2023-07-06 13:34:00,Kolkata,Wallet,2,265.72
O0133,C6288,Keventers,North Indian,2023-09-12 20:06:00,2023-09-12 21:00:00,Pune,COD,3,571.48
O0134,C3358,Burger Singh,Desserts,2023-12-25 20:59:00,2023-12-25 21:53:00,Hyderabad,Wallet,4,227.06
O0135,C9134,FreshMenu,Desserts,2023-03-08 20:03:00,2023-03-08 20:38:00,Chennai,COD,5,319.8
O0136,C8981,Behrouz Biryani,Biryani,2023-10-17 19:12:00,2023-10-17 19:32:00,Bangalore,UPI,1,602.12
O0137,C4139,Burger Singh,Biryani,2023-04-04 20:53:00,2023-04-04 22:03:00,Bangalore,Wallet,3,202.28
O0138,C3929,Keventers,Biryani,2023-05-07 11:17:00,2023-05-07 11:43:00,Mumbai,COD,3,257.1
O0139,C3794,Faasos,South Indian,2023-06-22 13:32:00,2023-06-22 14:01:00,Pune,COD,1,616.08
O0140,C1291,Faasos,Italian,2023-06-11 21:35:00,2023-06-11 22:44:00,Bangalore,Wallet,1,232.23
O0141,C5049,Biryani Blues,South Indian,2023-05-25 21:28:00,2023-05-25 22:23:00,Pune,UPI,2,654.3
O0142,C2623,Burger Singh,Biryani,2023-10-03 12:59:00,2023-10-03 14:12:00,Mumbai,UPI,3,604.1
O0143,C3738,Behrouz Biryani,South Indian,2023-02-21 12:59:00,2023-02-21 13:27:00,Ahmedabad,Wallet,5,685.18
O0144,C6802,Behrouz Biryani,South Indian,2023-11-01 19:59:00,2023-11-01 20:32:00,Delhi,Wallet,1,454.19
O0145,C2213,FreshMenu,Biryani,2023-01-11 19:44:00,2023-01-11 20:34:00,Hyderabad,Credit Card,4,167.28
O0146,C1770,Behrouz Biryani,North Indian,2023-04-15 12:41:00,2023-04-15 13:08:00,Bangalore,UPI,2,754.18
O0147,C8837,Oven Story Pizza,Fast Food,2023-07-26 20:28:00,2023-07-26 21:43:00,Kolkata,UPI,5,569.57
O0148,C9572,Burger Singh,Fast Food,2023-10-14 21:00:00,2023-10-14 21:40:00,Hyderabad,UPI,3,729.19
O0149,C7107,The Belgian Waffle Co.,Fast Food,2023-06-28 19:09:00,2023-06-28 20:13:00,Ahmedabad,Credit Card,1,574.27
O0150,C8641,Keventers,Desserts,2023-09-16 13:12:00,2023-09-16 13:42:00,Pune,Wallet,3,222.65
O0151,C9997,Behrouz Biryani,Continental,2023-04-01 12:04:00,2023-04-01 12:50:00,Ahmedabad,Credit Card,4,753.89
O0152,C1928,FreshMenu,Biryani,2023-01-01 13:24:00,2023-01-01 14:05:00,Mumbai,COD,1,679.21
O0153,C7967,Box8,Biryani,2023-05-15 13:36:00,2023-05-15 14:30:00,Ahmedabad,Credit Card,1,613.29
O0154,C7545,Oven Story Pizza,North Indian,2023-01-15 13:18:00,2023-01-15 13:49:00,Delhi,Credit Card,3,552.25
O0155,C6764,Barbeque Nation,Desserts,2023-01-18 20:37:00,2023-01-18 21:07:00,Delhi,Credit Card,2,699.95
O0156,C9020,Faasos,Continental,2023-09-12 13:00:00,2023-09-12 13:27:00,Chennai,UPI,1,331.95
O0157,C7463,The Belgian Waffle Co.,Italian,2023-03-20 12:07:00,2023-03-20 13:18:00,Kolkata,COD,4,621.71
O0158,C7655,Oven Story Pizza,Italian,2023-07-03 19:09:00,2023-07-03 19:48:00,Hyderabad,Credit Card,4,185.66
O0159,C4844,Biryani Blues,North Indian,2023-12-19 19:31:00,2023-12-19 20:00:00,Pune,COD,5,386.69
O0160,C7722,The Belgian Waffle Co.,North Indian,2023-03-09 12:00:00,2023-03-09 13:01:00,Ahmedabad,Wallet,1,157.62
O0161,C2667,Behrouz Biryani,Biryani,2023-09-28 19:03:00,2023-09-28 20:16:00,Hyderabad,Wallet,1,345.79
O0162,C1501,Keventers,Chinese,2023-01-21 21:50:00,2023-01-21 23:02:00,Ahmedabad,UPI,4,440.28
O0163,C9106,Box8,Biryani,2023-05-18 21:15:00,2023-05-18 21:57:00,Mumbai,Credit Card,1,681.43
O0164,C1396,Burger Singh,North Indian,2023-10-08 20:07:00,2023-10-08 20:48:00,Ahmedabad,Wallet,4,381.53
O0165,C6384,Oven Story Pizza,Italian,2023-10-27 12:49:00,2023-10-27 13:51:00,Bangalore,UPI,3,347.96
O0166,C8719,FreshMenu,Desserts,2023-10-06 12:53:00,2023-10-06 14:07:00,Ahmedabad,COD,4,505.58
O0167,C2125,Faasos,Biryani,2023-01-23 12:27:00,2023-01-23 13:05:00,Bangalore,UPI,5,210.22
O0168,C8996,Biryani Blues,Biryani,2023-04-04 19:10:00,2023-04-04 19:56:00,Delhi,Credit Card,2,166.36
O0169,C3799,Barbeque Nation,Italian,2023-12-21 20:10:00,2023-12-21 21:19:00,Chennai,Wallet,5,171.12
O0170,C6318,Barbeque Nation,Chinese,2023-01-16 19:50:00,2023-01-16 20:34:00,Hyderabad,UPI,1,230.42
O0171,C5348,Oven Story Pizza,Chinese,2023-07-28 19:49:00,2023-07-28 20:32:00,Pune,COD,1,203.16
O0172,C9559,Behrouz Biryani,Biryani,2023-06-20 12:20:00,2023-06-20 12:40:00,Pune,Credit Card,4,243.95
O0173,C2915,Biryani Blues,North Indian,2023-08-06 20:38:00,2023-08-06 21:18:00,Ahmedabad,Wallet,1,612.71
O0174,C6399,Biryani Blues,Biryani,2023-02-07 21:11:00,2023-02-07 22:07:00,Bangalore,UPI,3,316.56
O0175,C9370,Behrouz Biryani,Desserts,2023-05-03 13:53:00,2023-05-03 14:28:00,Ahmedabad,UPI,4,243.27
O0176,C5917,Burger Singh,Italian,2023-12-16 19:49:00,2023-12-16 20:51:00,Hyderabad,UPI,5,221.19
O0177,C6074,Box8,Desserts,2023-06-01 19:08:00,2023-06-01 19:48:00,Chennai,Credit Card,1,324.6
O0178,C9190,Box8,Fast Food,2023-04-23 20:44:00,2023-04-23 21:34:00,Pune,UPI,3,448.69
O0179,C1504,Oven Story Pizza,North Indian,2023-11-26 21:30:00,2023-11-26 22:01:00,Bangalore,COD,5,716.56
O0180,C7973,Box8,Biryani,2023-04-17 21:47:00,2023-04-17 22:21:00,Ahmedabad,UPI,3,247.75
O0181,C5187,FreshMenu,North Indian,2023-07-12 13:42:00,2023-07-12 14:51:00,Bangalore,COD,3,349.71
O0182,C7462,Burger Singh,Fast Food,2023-08-27 19:55:00,2023-08-27 20:16:00,Delhi,Wallet,2,433.43
O0183,C2925,Faasos,Continental,2023-12-07 11:23:00,2023-12-07 11:56:00,Hyderabad,Credit Card,4,637.92
O0184,C2723,Faasos,Desserts,2023-11-21 20:16:00,2023-11-21 21:04:00,Hyderabad,Wallet,4,345.49
O0185,C1685,Oven Story Pizza,Desserts,2023-11-27 19:21:00,2023-11-27 19:51:00,Delhi,Credit Card,5,550.91
O0186,C5749,Box8,Fast Food,2023-01-18 19:09:00,2023-01-18 20:17:00,Kolkata,COD,2,554.57
O0187,C5564,Biryani Blues,Chinese,2023-10-19 13:58:00,2023-10-19 14:33:00,Bangalore,Credit Card,2,380.81
O0188,C5126,Oven Story Pizza,Chinese,2023-07-18 21:08:00,2023-07-18 21:32:00,Chennai,Credit Card,4,787.16
O0189,C2417,Keventers,Fast Food,2023-09-12 12:15:00,2023-09-12 12:57:00,Hyderabad,Credit Card,5,698.24
O0190,C1185,Burger Singh,South Indian,2023-03-18 20:59:00,2023-03-18 21:53:00,Pune,Credit Card,4,592.77
O0191,C6648,Behrouz Biryani,Chinese,2023-11-20 13:15:00,2023-11-20 14:23:00,Chennai,Wallet,1,692.93
O0192,C8831,Biryani Blues,North Indian,2023-10-10 13:00:00,2023-10-10 13:44:00,Delhi,Wallet,1,574.73
O0193,C6837,Keventers,Biryani,2023-04-15 21:39:00,2023-04-15 22:43:00,Bangalore,Wallet,3,687.41
O0194,C2819,The Belgian Waffle Co.,Italian,2023-03-16 19:26:00,2023-03-16 20:02:00,Chennai,Wallet,4,365.55
O0195,C6283,Biryani Blues,Chinese,2023-07-01 19:58:00,2023-07-01 20:24:00,Delhi,UPI,4,156.47
O0196,C3458,Box8,Chinese,2023-06-18 12:29:00,2023-06-18 13:34:00,Chennai,Credit Card,4,697.32
O0197,C1213,Box8,Chinese,2023-05-05 12:08:00,2023-05-05 13:02:00,Chennai,Wallet,5,499.78
O0198,C9261,Behrouz Biryani,Biryani,2023-08-17 21:28:00,2023-08-17 21:53:00,Chennai,COD,4,697.56
O0199,C5918,Behrouz Biryani,Chinese,2023-12-08 19:27:00,2023-12-08 20:17:00,Bangalore,Credit Card,4,549.56
O0200,C3205,Faasos,Italian,2023-03-04 12:14:00,2023-03-04 13:17:00,Kolkata,UPI,2,309.56
O0201,C2501,The Belgian Waffle Co.,Chinese,2023-04-17 19:41:00,2023-04-17 20:40:00,Pune,COD,1,252.87
O0202,C7611,Biryani Blues,Desserts,2023-02-23 21:48:00,2023-02-23 22:34:00,Kolkata,Wallet,1,685.24
O0203,C1601,FreshMenu,Continental,2023-05-16 20:33:00,2023-05-16 21:46:00,Kolkata,UPI,4,456.38
O0204,C1290,Burger Singh,Desserts,2023-10-18 11:31:00,2023-10-18 12:38:00,Chennai,Wallet,2,417.91
O0205,C1558,Burger Singh,Fast Food,2023-11-25 20:19:00,2023-11-25 21:14:00,Hyderabad,Wallet,2,716.71
O0206,C5956,Faasos,Chinese,2023-06-02 20:21:00,2023-06-02 21:18:00,Hyderabad,Credit Card,4,362.39
O0207,C1115,Keventers,Continental,2023-03-03 13:49:00,2023-03-03 14:12:00,Bangalore,UPI,5,427.71
O0208,C5781,Faasos,Continental,2023-03-07 20:05:00,2023-03-07 20:45:00,Ahmedabad,Credit Card,3,151.07
O0209,C3078,Biryani Blues,Desserts,2023-10-06 19:12:00,2023-10-06 20:03:00,Delhi,Credit Card,4,640.01
O0210,C7639,Behrouz Biryani,Desserts,2023-07-21 21:26:00,2023-07-21 22:37:00,Hyderabad,Wallet,4,221.89
O0211,C2317,Behrouz Biryani,South Indian,2023-01-03 11:23:00,2023-01-03 12:23:00,Chennai,COD,4,459.64
O0212,C5956,FreshMenu,Biryani,2023-07-26 20:14:00,2023-07-26 20:59:00,Chennai,Wallet,5,478.48
O0213,C8520,Barbeque Nation,North Indian,2023-11-01 20:48:00,2023-11-01 21:48:00,Mumbai,UPI,4,540.38
O0214,C3743,Box8,Biryani,2023-12-02 20:05:00,2023-12-02 20:30:00,Chennai,UPI,5,759.71
O0215,C9149,The Belgian Waffle Co.,North Indian,2023-11-01 19:15:00,2023-11-01 20:14:00,Delhi,Wallet,4,226.11
O0216,C5829,Oven Story Pizza,Chinese,2023-12-07 20:57:00,2023-12-07 21:43:00,Pune,COD,5,203.36
O0217,C2600,Biryani Blues,Chinese,2023-07-11 20:58:00,2023-07-11 21:48:00,Mumbai,UPI,2,240.47
O0218,C7472,Behrouz Biryani,South Indian,2023-10-08 12:45:00,2023-10-08 13:32:00,Kolkata,Credit Card,5,430.15
O0219,C1077,Barbeque Nation,Desserts,2023-06-23 13:20:00,2023-06-23 13:41:00,Pune,Credit Card,3,302.92
O0220,C1051,The Belgian Waffle Co.,Biryani,2023-12-13 13:27:00,2023-12-13 14:00:00,Kolkata,COD,2,470.52
O0221,C5963,Faasos,South Indian,2023-07-03 20:58:00,2023-07-03 22:04:00,Hyderabad,COD,3,411.62
O0222,C6108,Biryani Blues,Fast Food,2023-05-01 11:42:00,2023-05-01 12:47:00,Chennai,Wallet,2,328.06
O0223,C4968,Biryani Blues,Chinese,2023-05-05 11:57:00,2023-05-05 12:35:00,Bangalore,Wallet,2,499.01
O0224,C3694,Burger Singh,Desserts,2023-12-23 19:15:00,2023-12-23 20:05:00,Chennai,Credit Card,5,313.82
O0225,C4174,FreshMenu,Biryani,2023-05-02 19:06:00,2023-05-02 19:50:00,Hyderabad,UPI,4,160.47
O0226,C6526,Box8,Desserts,2023-10-13 11:27:00,2023-10-13 12:40:00,Pune,UPI,5,762.15
O0227,C6292,Biryani Blues,Desserts,2023-07-23 12:40:00,2023-07-23 13:40:00,Mumbai,UPI,3,219.57
O0228,C2355,Oven Story Pizza,Biryani,2023-04-08 12:12:00,2023-04-08 12:41:00,Hyderabad,Credit Card,1,717.61
O0229,C8442,Biryani Blues,Desserts,2023-12-16 13:01:00,2023-12-16 13:49:00,Ahmedabad,Credit Card,4,226.33
O0230,C9499,FreshMenu,South Indian,2023-04-27 19:58:00,2023-04-27 20:26:00,Delhi,Credit Card,1,208.21
O0231,C3096,Burger Singh,Continental,2023-10-01 19:24:00,2023-10-01 20:21:00,Pune,Credit Card,3,725.18
O0232,C2246,Behrouz Biryani,Biryani,2023-12-10 12:03:00,2023-12-10 12:35:00,Mumbai,Credit Card,4,387.26
O0233,C1325,Oven Story Pizza,Desserts,2023-12-06 12:47:00,2023-12-06 13:39:00,Ahmedabad,Wallet,5,176.04
O0234,C7922,Behrouz Biryani,Fast Food,2023-12-15 19:57:00,2023-12-15 21:05:00,Kolkata,Credit Card,2,410.91
O0235,C2248,Faasos,Biryani,2023-02-13 12:29:00,2023-02-13 13:28:00,Kolkata,Wallet,3,704.51
O0236,C3063,FreshMenu,South Indian,2023-11-03 19:15:00,2023-11-03 19:44:00,Mumbai,Wallet,1,740.6
O0237,C5267,Oven Story Pizza,Biryani,2023-12-24 20:46:00,2023-12-24 21:46:00,Bangalore,Credit Card,3,285.84
O0238,C1779,Behrouz Biryani,Biryani,2023-08-12 12:00:00,2023-08-12 12:26:00,Pune,Credit Card,2,310.7
O0239,C2617,Faasos,Italian,2023-06-11 21:23:00,2023-06-11 22:34:00,Kolkata,Credit Card,3,544.38
O0240,C1209,Burger Singh,Fast Food,2023-12-20 19:23:00,2023-12-20 19:48:00,Ahmedabad,COD,4,316.99
O0241,C3934,Faasos,Fast Food,2023-12-27 12:21:00,2023-12-27 13:32:00,Hyderabad,COD,5,448.5
O0242,C4782,Oven Story Pizza,Continental,2023-05-13 12:37:00,2023-05-13 13:38:00,Mumbai,Credit Card,2,271.86
O0243,C8712,Keventers,Chinese,2023-01-24 12:17:00,2023-01-24 12:47:00,Kolkata,UPI,3,329.49
O0244,C7939,FreshMenu,Desserts,2023-10-07 13:30:00,2023-10-07 14:23:00,Bangalore,Wallet,3,320.8
O0245,C8815,Oven Story Pizza,Fast Food,2023-07-19 12:05:00,2023-07-19 12:29:00,Delhi,Credit Card,4,617.97
O0246,C5208,Behrouz Biryani,Chinese,2023-01-08 11:09:00,2023-01-08 12:06:00,Mumbai,Credit Card,3,554.92
O0247,C9440,Burger Singh,Desserts,2023-11-18 20:06:00,2023-11-18 20:29:00,Chennai,Wallet,2,391.91
O0248,C2807,Behrouz Biryani,Italian,2023-03-01 13:26:00,2023-03-01 14:39:00,Kolkata,Wallet,2,503.5
O0249,C8707,Behrouz Biryani,North Indian,2023-03-11 21:36:00,2023-03-11 22:44:00,Mumbai,Wallet,5,254.17
O0250,C4459,Faasos,North Indian,2023-01-07 20:11:00,2023-01-07 20:39:00,Ahmedabad,Credit Card,3,404.89
O0251,C3461,FreshMenu,Chinese,2023-04-01 13:22:00,2023-04-01 14:04:00,Pune,UPI,1,646.86
O0252,C2075,Burger Singh,South Indian,2023-08-20 13:47:00,2023-08-20 14:37:00,Hyderabad,COD,4,257.43
O0253,C5342,Behrouz Biryani,Chinese,2023-05-26 12:02:00,2023-05-26 13:04:00,Pune,COD,1,562.49
O0254,C3731,Faasos,Biryani,2023-09-26 13:24:00,2023-09-26 14:20:00,Kolkata,Wallet,1,713.11
O0255,C1905,Biryani Blues,Chinese,2023-11-04 21:42:00,2023-11-04 22:14:00,Ahmedabad,Credit Card,5,643.03
O0256,C7774,Biryani Blues,Desserts,2023-10-16 20:20:00,2023-10-16 21:32:00,Pune,UPI,1,243.93
O0257,C8975,Keventers,Desserts,2023-08-13 20:01:00,2023-08-13 20:43:00,Bangalore,UPI,1,449.25
O0258,C7706,Burger Singh,Biryani,2023-08-06 21:30:00,2023-08-06 22:12:00,Pune,UPI,5,673.06
O0259,C3132,FreshMenu,Chinese,2023-09-27 12:48:00,2023-09-27 14:01:00,Delhi,Credit Card,1,463.63
O0260,C3022,Oven Story Pizza,Fast Food,2023-03-11 19:18:00,2023-03-11 20:26:00,Chennai,COD,3,703.09
O0261,C3352,Barbeque Nation,South Indian,2023-12-24 13:40:00,2023-12-24 14:13:00,Kolkata,Credit Card,2,471.67
O0262,C8909,Oven Story Pizza,Biryani,2023-02-16 20:56:00,2023-02-16 21:57:00,Hyderabad,Credit Card,5,468.38
O0263,C2320,Behrouz Biryani,North Indian,2023-08-19 11:17:00,2023-08-19 12:25:00,Bangalore,UPI,2,241.11
O0264,C4285,Biryani Blues,Continental,2023-07-05 13:15:00,2023-07-05 14:30:00,Mumbai,Wallet,4,523.06
O0265,C9325,Faasos,Desserts,2023-05-16 13:19:00,2023-05-16 14:10:00,Delhi,Wallet,2,305.48
O0266,C4035,Burger Singh,Fast Food,2023-09-02 20:33:00,2023-09-02 21:20:00,Ahmedabad,Credit Card,3,614.28
O0267,C7735,Barbeque Nation,Desserts,2023-07-23 20:27:00,2023-07-23 21:15:00,Delhi,Wallet,5,607.87
O0268,C2329,Burger Singh,Chinese,2023-04-04 21:48:00,2023-04-04 22:16:00,Pune,COD,5,371.73
O0269,C3985,Box8,Continental,2023-09-14 12:31:00,2023-09-14 13:31:00,Mumbai,UPI,4,514.24
O0270,C5462,The Belgian Waffle Co.,Chinese,2023-03-08 12:08:00,2023-03-08 12:44:00,Kolkata,Credit Card,4,500.06
O0271,C5376,FreshMenu,Desserts,2023-09-01 19:48:00,2023-09-01 20:10:00,Ahmedabad,Wallet,3,465.26
O0272,C1873,FreshMenu,South Indian,2023-12-13 11:08:00,2023-12-13 11:58:00,Ahmedabad,Credit Card,2,255.99
O0273,C7542,FreshMenu,North Indian,2023-07-05 12:29:00,2023-07-05 13:43:00,Bangalore,UPI,2,204.84
O0274,C1012,Barbeque Nation,Italian,2023-11-14 20:24:00,2023-11-14 21:23:00,Mumbai,COD,2,604.62
O0275,C7042,Burger Singh,South Indian,2023-08-18 19:10:00,2023-08-18 19:40:00,Ahmedabad,Wallet,5,313.66
O0276,C4900,Biryani Blues,Biryani,2023-07-02 20:48:00,2023-07-02 21:15:00,Chennai,Wallet,1,163.71
O0277,C7458,FreshMenu,Continental,2023-02-27 20:00:00,2023-02-27 20:20:00,Pune,Wallet,2,332.09
O0278,C6808,Keventers,Fast Food,2023-03-05 19:17:00,2023-03-05 19:56:00,Kolkata,UPI,5,499.74
O0279,C7703,Box8,Biryani,2023-04-08 12:36:00,2023-04-08 13:29:00,Delhi,UPI,2,482.08
O0280,C3042,Faasos,North Indian,2023-07-27 13:20:00,2023-07-27 14:22:00,Chennai,UPI,4,194.2
O0281,C9119,Barbeque Nation,Biryani,2023-06-04 12:00:00,2023-06-04 13:09:00,Kolkata,COD,2,747.23
O0282,C6217,Burger Singh,Fast Food,2023-02-19 13:27:00,2023-02-19 14:11:00,Mumbai,Credit Card,1,389.36
O0283,C5127,Box8,Biryani,2023-06-08 19:01:00,2023-06-08 19:42:00,Kolkata,UPI,3,347.31
O0284,C4012,Burger Singh,Desserts,2023-11-17 21:51:00,2023-11-17 22:37:00,Bangalore,Credit Card,2,413.6
O0285,C4849,The Belgian Waffle Co.,North Indian,2023-09-08 12:07:00,2023-09-08 12:59:00,Chennai,COD,1,517.28
O0286,C6959,FreshMenu,Chinese,2023-09-24 12:58:00,2023-09-24 14:07:00,Mumbai,Wallet,4,544.26
O0287,C4794,Behrouz Biryani,Continental,2023-12-02 20:46:00,2023-12-02 21:56:00,Chennai,Wallet,3,194.62
O0288,C4537,Box8,Italian,2023-02-23 12:53:00,2023-02-23 13:35:00,Mumbai,Wallet,5,765.96
O0289,C4629,Oven Story Pizza,Biryani,2023-02-07 19:36:00,2023-02-07 20:33:00,Mumbai,Credit Card,5,345.32
O0290,C4293,Behrouz Biryani,Italian,2023-10-06 12:17:00,2023-10-06 12:57:00,Ahmedabad,Wallet,4,415.92
O0291,C5071,Burger Singh,Continental,2023-11-24 12:43:00,2023-11-24 13:06:00,Delhi,Credit Card,1,418.29
O0292,C6412,Faasos,Desserts,2023-07-02 19:38:00,2023-07-02 20:23:00,Hyderabad,COD,5,304.89
O0293,C7266,Keventers,Italian,2023-04-10 12:44:00,2023-04-10 13:17:00,Pune,UPI,1,767.6
O0294,C7874,Faasos,South Indian,2023-06-04 20:21:00,2023-06-04 21:12:00,Bangalore,Wallet,3,508.06
O0295,C5752,Burger Singh,South Indian,2023-12-02 11:08:00,2023-12-02 11:59:00,Kolkata,Credit Card,3,252.34
O0296,C4277,Keventers,Continental,2023-10-06 12:07:00,2023-10-06 13:11:00,Mumbai,Wallet,1,392.18
O0297,C4882,Oven Story Pizza,Italian,2023-02-24 13:18:00,2023-02-24 14:25:00,Chennai,Credit Card,3,628.98
O0298,C6883,Faasos,Italian,2023-12-09 19:06:00,2023-12-09 19:44:00,Mumbai,Credit Card,2,190.08
O0299,C3726,Burger Singh,South Indian,2023-06-22 12:21:00,2023-06-22 13:32:00,Hyderabad,COD,5,698.98
O0300,C1083,The Belgian Waffle Co.,Desserts,2023-02-18 20:13:00,2023-02-18 20:35:00,Ahmedabad,Wallet,4,447.91
O0301,C4470,Keventers,Fast Food,2023-07-09 12:33:00,2023-07-09 13:24:00,Pune,UPI,2,668.74
O0302,C1989,FreshMenu,Biryani,2023-08-10 19:58:00,2023-08-10 21:10:00,Bangalore,Credit Card,4,482.13
O0303,C3413,The Belgian Waffle Co.,South Indian,2023-10-18 20:14:00,2023-10-18 20:56:00,Pune,Credit Card,4,625.06
O0304,C3193,FreshMenu,Biryani,2023-12-25 12:04:00,2023-12-25 12:53:00,Delhi,COD,3,324.44
O0305,C8305,Keventers,South Indian,2023-12-22 21:59:00,2023-12-22 22:53:00,Kolkata,Wallet,3,341.8
O0306,C1805,Oven Story Pizza,Biryani,2023-05-23 19:25:00,2023-05-23 20:02:00,Bangalore,COD,4,697.16
O0307,C8507,Keventers,Fast Food,2023-07-10 20:54:00,2023-07-10 22:05:00,Ahmedabad,COD,5,654.51
O0308,C1783,Faasos,Desserts,2023-02-16 12:37:00,2023-02-16 13:38:00,Ahmedabad,UPI,5,517.82
O0309,C5257,Barbeque Nation,Fast Food,2023-05-12 13:00:00,2023-05-12 13:25:00,Ahmedabad,Credit Card,3,443.05
O0310,C3750,Oven Story Pizza,Chinese,2023-12-12 13:07:00,2023-12-12 14:15:00,Mumbai,COD,3,760.06
O0311,C7486,Oven Story Pizza,Continental,2023-09-18 11:17:00,2023-09-18 11:39:00,Delhi,Credit Card,1,635.37
O0312,C6678,Box8,North Indian,2023-06-23 19:31:00,2023-06-23 19:59:00,Pune,UPI,4,792.3
O0313,C7231,The Belgian Waffle Co.,South Indian,2023-05-09 12:31:00,2023-05-09 13:12:00,Chennai,UPI,4,426.72
O0314,C4734,Keventers,Desserts,2023-07-09 13:08:00,2023-07-09 13:53:00,Hyderabad,Wallet,4,599.65
O0315,C2800,Oven Story Pizza,Desserts,2023-07-23 11:19:00,2023-07-23 12:33:00,Mumbai,Wallet,3,444.31
O0316,C9795,FreshMenu,Continental,2023-12-03 12:30:00,2023-12-03 13:17:00,Pune,COD,4,163.74
O0317,C5268,Burger Singh,Italian,2023-07-12 13:59:00,2023-07-12 15:08:00,Pune,Wallet,1,189.12
O0318,C6803,Barbeque Nation,Continental,2023-09-25 11:59:00,2023-09-25 12:56:00,Pune,Credit Card,5,226.66
O0319,C3222,The Belgian Waffle Co.,Desserts,2023-11-12 11:22:00,2023-11-12 11:48:00,Chennai,Wallet,4,669.59
O0320,C2842,The Belgian Waffle Co.,North Indian,2023-12-04 13:28:00,2023-12-04 14:19:00,Kolkata,Credit Card,3,728.33
O0321,C9541,Barbeque Nation,Italian,2023-04-22 11:52:00,2023-04-22 12:54:00,Hyderabad,Wallet,4,644.07
O0322,C1112,The Belgian Waffle Co.,Desserts,2023-07-27 20:59:00,2023-07-27 21:53:00,Kolkata,Credit Card,5,458.78
O0323,C7733,Behrouz Biryani,North Indian,2023-10-24 20:28:00,2023-10-24 21:12:00,Ahmedabad,Credit Card,3,568.59
O0324,C1274,Keventers,South Indian,2023-07-04 13:06:00,2023-07-04 13:56:00,Kolkata,COD,1,207.34
O0325,C8828,Oven Story Pizza,Chinese,2023-12-14 12:18:00,2023-12-14 13:07:00,Pune,COD,2,592.49
O0326,C7229,Box8,Chinese,2023-04-13 11:43:00,2023-04-13 12:33:00,Pune,Wallet,5,673.91
O0327,C6475,Box8,North Indian,2023-06-02 20:14:00,2023-06-02 20:34:00,Chennai,Wallet,5,207.51
O0328,C6141,Barbeque Nation,Italian,2023-09-07 11:06:00,2023-09-07 12:06:00,Bangalore,UPI,3,550.51
O0329,C4021,Box8,Fast Food,2023-12-22 13:14:00,2023-12-22 13:36:00,Hyderabad,COD,5,284.22
O0330,C6676,Keventers,South Indian,2023-04-04 13:12:00,2023-04-04 13:49:00,Bangalore,Wallet,2,398.98
O0331,C5941,Biryani Blues,Biryani,2023-06-17 12:15:00,2023-06-17 12:44:00,Bangalore,Credit Card,1,613.9
O0332,C2060,The Belgian Waffle Co.,Chinese,2023-07-24 20:08:00,2023-07-24 21:20:00,Bangalore,Credit Card,1,403.26
O0333,C3921,The Belgian Waffle Co.,Italian,2023-04-24 20:59:00,2023-04-24 21:53:00,Bangalore,COD,1,284.98
O0334,C7170,Behrouz Biryani,Biryani,2023-03-07 21:44:00,2023-03-07 22:26:00,Kolkata,COD,1,392.29
O0335,C5255,FreshMenu,Continental,2023-07-13 20:05:00,2023-07-13 20:53:00,Kolkata,COD,1,318.1
O0336,C3390,Barbeque Nation,Chinese,2023-10-07 12:16:00,2023-10-07 12:36:00,Delhi,COD,5,511.99
O0337,C1101,Oven Story Pizza,Desserts,2023-05-01 11:42:00,2023-05-01 12:26:00,Chennai,COD,4,213.65
O0338,C4687,FreshMenu,South Indian,2023-05-01 21:22:00,2023-05-01 21:57:00,Delhi,COD,2,596.13
O0339,C2369,Box8,Biryani,2023-11-04 12:51:00,2023-11-04 13:41:00,Kolkata,COD,3,685.37
O0340,C3264,Barbeque Nation,Desserts,2023-01-02 20:45:00,2023-01-02 21:06:00,Delhi,COD,4,288.21
O0341,C2418,Behrouz Biryani,South Indian,2023-10-06 19:53:00,2023-10-06 21:00:00,Ahmedabad,COD,5,626.77
O0342,C2333,Keventers,North Indian,2023-06-22 21:14:00,2023-06-22 22:21:00,Chennai,COD,4,698.63
O0343,C5490,FreshMenu,Desserts,2023-06-19 11:10:00,2023-06-19 11:52:00,Bangalore,Wallet,1,618.69
O0344,C4152,Behrouz Biryani,Fast Food,2023-10-27 13:29:00,2023-10-27 14:11:00,Ahmedabad,UPI,5,593.94
O0345,C2081,Box8,Desserts,2023-08-03 19:15:00,2023-08-03 20:08:00,Hyderabad,COD,4,285.15
O0346,C7716,Biryani Blues,Biryani,2023-09-01 19:05:00,2023-09-01 19:32:00,Delhi,COD,3,678.05
O0347,C1773,Oven Story Pizza,Continental,2023-03-14 19:53:00,2023-03-14 20:32:00,Kolkata,UPI,4,541.41
O0348,C3023,Box8,North Indian,2023-02-08 20:06:00,2023-02-08 21:11:00,Pune,Credit Card,4,388.0
O0349,C4119,Oven Story Pizza,Italian,2023-03-09 12:09:00,2023-03-09 13:12:00,Mumbai,UPI,1,748.86
O0350,C4722,Behrouz Biryani,Desserts,2023-05-27 19:46:00,2023-05-27 20:07:00,Bangalore,Wallet,4,673.24
O0351,C2571,Faasos,Italian,2023-04-08 19:05:00,2023-04-08 20:00:00,Mumbai,UPI,4,695.79
O0352,C9907,Barbeque Nation,South Indian,2023-08-02 20:52:00,2023-08-02 22:02:00,Kolkata,Wallet,1,451.2
O0353,C8259,Barbeque Nation,South Indian,2023-02-14 12:27:00,2023-02-14 13:42:00,Chennai,Wallet,1,605.27
O0354,C1936,The Belgian Waffle Co.,Continental,2023-06-24 20:19:00,2023-06-24 20:57:00,Hyderabad,Credit Card,4,465.41
O0355,C8847,Box8,South Indian,2023-01-16 20:45:00,2023-01-16 21:33:00,Kolkata,Credit Card,1,711.78
O0356,C8239,Biryani Blues,Fast Food,2023-11-07 12:42:00,2023-11-07 13:29:00,Mumbai,Credit Card,5,287.41
O0357,C7504,Faasos,Desserts,2023-12-09 20:34:00,2023-12-09 21:34:00,Mumbai,Credit Card,5,359.33
O0358,C4799,Behrouz Biryani,Fast Food,2023-08-15 20:11:00,2023-08-15 21:02:00,Bangalore,COD,5,696.22
O0359,C4796,FreshMenu,Desserts,2023-05-16 13:50:00,2023-05-16 14:17:00,Mumbai,UPI,4,659.37
O0360,C2942,The Belgian Waffle Co.,Italian,2023-01-26 21:56:00,2023-01-26 23:05:00,Ahmedabad,Credit Card,5,729.03
O0361,C7721,Barbeque Nation,Desserts,2023-10-04 11:50:00,2023-10-04 12:52:00,Chennai,COD,2,334.36
O0362,C5894,Keventers,Fast Food,2023-01-21 19:25:00,2023-01-21 20:27:00,Ahmedabad,COD,4,759.9
O0363,C4894,Barbeque Nation,Italian,2023-10-14 13:13:00,2023-10-14 13:43:00,Mumbai,Credit Card,2,626.35
O0364,C9914,Biryani Blues,Italian,2023-05-19 19:36:00,2023-05-19 20:15:00,Delhi,Wallet,2,239.98
O0365,C5593,Behrouz Biryani,Italian,2023-02-18 21:01:00,2023-02-18 22:01:00,Ahmedabad,COD,5,633.18
O0366,C2650,Box8,Chinese,2023-08-24 13:11:00,2023-08-24 13:49:00,Hyderabad,COD,2,429.61
O0367,C5159,Biryani Blues,Desserts,2023-06-20 13:47:00,2023-06-20 14:25:00,Kolkata,Wallet,1,188.05
O0368,C2988,Biryani Blues,South Indian,2023-09-09 13:57:00,2023-09-09 14:27:00,Mumbai,Credit Card,2,739.48
O0369,C5506,The Belgian Waffle Co.,Fast Food,2023-10-19 20:07:00,2023-10-19 21:21:00,Chennai,COD,4,785.17
O0370,C2384,Barbeque Nation,North Indian,2023-08-12 19:14:00,2023-08-12 20:28:00,Mumbai,Credit Card,3,257.92
O0371,C3995,Burger Singh,South Indian,2023-11-02 19:16:00,2023-11-02 20:09:00,Mumbai,Wallet,5,599.59
O0372,C9538,Oven Story Pizza,Desserts,2023-07-24 13:12:00,2023-07-24 13:53:00,Delhi,COD,4,706.95
O0373,C7411,The Belgian Waffle Co.,Continental,2023-07-03 19:56:00,2023-07-03 20:45:00,Delhi,Wallet,3,478.2
O0374,C3987,Barbeque Nation,Desserts,2023-05-04 20:00:00,2023-05-04 20:24:00,Hyderabad,Credit Card,3,468.36
O0375,C6648,Biryani Blues,Biryani,2023-08-05 12:18:00,2023-08-05 13:02:00,Mumbai,UPI,4,622.64
O0376,C4073,Keventers,Chinese,2023-04-02 12:42:00,2023-04-02 13:12:00,Kolkata,UPI,5,586.42
O0377,C8043,Keventers,Italian,2023-06-24 20:59:00,2023-06-24 21:59:00,Chennai,COD,1,603.91
O0378,C4550,FreshMenu,North Indian,2023-01-15 12:50:00,2023-01-15 13:36:00,Bangalore,Wallet,3,593.11
O0379,C8010,Keventers,South Indian,2023-09-28 21:24:00,2023-09-28 22:21:00,Ahmedabad,Credit Card,5,192.05
O0380,C1787,Box8,Biryani,2023-04-13 12:01:00,2023-04-13 12:55:00,Bangalore,Credit Card,4,467.23
O0381,C9985,The Belgian Waffle Co.,Desserts,2023-02-07 12:38:00,2023-02-07 13:10:00,Bangalore,UPI,2,421.57
O0382,C4027,Behrouz Biryani,Chinese,2023-06-10 20:51:00,2023-06-10 22:06:00,Hyderabad,Wallet,3,473.33
O0383,C6753,The Belgian Waffle Co.,Desserts,2023-10-27 21:12:00,2023-10-27 21:33:00,Ahmedabad,Credit Card,2,689.85
O0384,C6374,Behrouz Biryani,Biryani,2023-10-05 21:14:00,2023-10-05 21:52:00,Delhi,Credit Card,2,253.23
O0385,C2699,Keventers,Continental,2023-03-21 20:49:00,2023-03-21 22:04:00,Bangalore,Wallet,4,440.45
O0386,C8054,FreshMenu,Italian,2023-06-22 12:45:00,2023-06-22 13:07:00,Mumbai,COD,1,187.44
O0387,C5470,Burger Singh,Desserts,2023-05-12 19:27:00,2023-05-12 20:06:00,Pune,COD,1,282.11
O0388,C7610,The Belgian Waffle Co.,North Indian,2023-04-22 13:11:00,2023-04-22 14:10:00,Bangalore,Wallet,5,426.16
O0389,C7800,FreshMenu,Biryani,2023-07-06 13:31:00,2023-07-06 14:28:00,Hyderabad,UPI,2,150.79
O0390,C8738,Behrouz Biryani,Italian,2023-07-20 13:37:00,2023-07-20 14:24:00,Pune,UPI,5,674.07
O0391,C9104,Behrouz Biryani,Desserts,2023-11-16 11:43:00,2023-11-16 12:52:00,Bangalore,Credit Card,1,794.83
O0392,C6259,Biryani Blues,North Indian,2023-03-04 20:12:00,2023-03-04 21:14:00,Ahmedabad,Credit Card,2,420.6
O0393,C3544,The Belgian Waffle Co.,Desserts,2023-08-10 13:34:00,2023-08-10 14:33:00,Mumbai,COD,4,250.54
O0394,C9071,Faasos,Continental,2023-05-17 12:31:00,2023-05-17 13:42:00,Pune,COD,5,769.23
O0395,C3414,The Belgian Waffle Co.,Biryani,2023-08-13 19:38:00,2023-08-13 20:16:00,Ahmedabad,Credit Card,3,237.0
O0396,C3919,Keventers,Fast Food,2023-03-12 20:37:00,2023-03-12 21:18:00,Bangalore,Credit Card,3,516.12
O0397,C7072,Box8,Desserts,2023-11-13 13:50:00,2023-11-13 14:21:00,Mumbai,UPI,4,153.22
O0398,C1011,Faasos,South Indian,2023-03-06 12:35:00,2023-03-06 13:49:00,Ahmedabad,Wallet,4,260.01
O0399,C2992,FreshMenu,Biryani,2023-07-09 13:49:00,2023-07-09 14:30:00,Mumbai,Credit Card,4,609.0
O0400,C2376,The Belgian Waffle Co.,Biryani,2023-03-11 12:49:00,2023-03-11 13:23:00,Chennai,Credit Card,2,325.09
O0401,C9360,FreshMenu,South Indian,2023-08-20 20:08:00,2023-08-20 21:20:00,Delhi,Wallet,5,488.47
O0402,C6789,Burger Singh,Desserts,2023-06-19 19:20:00,2023-06-19 20:24:00,Delhi,UPI,3,593.86
O0403,C4850,FreshMenu,Desserts,2023-05-01 12:10:00,2023-05-01 12:48:00,Kolkata,UPI,5,437.77
O0404,C6365,Box8,North Indian,2023-09-12 20:25:00,2023-09-12 21:29:00,Pune,Wallet,5,544.1
O0405,C2354,Biryani Blues,Biryani,2023-06-21 13:01:00,2023-06-21 13:40:00,Mumbai,UPI,1,733.9
O0406,C9479,Barbeque Nation,North Indian,2023-07-22 12:34:00,2023-07-22 13:13:00,Mumbai,Wallet,5,434.43
O0407,C3022,Biryani Blues,Chinese,2023-12-24 13:03:00,2023-12-24 13:55:00,Bangalore,COD,5,220.46
O0408,C7094,The Belgian Waffle Co.,Fast Food,2023-07-23 11:02:00,2023-07-23 11:33:00,Chennai,Wallet,5,514.83
O0409,C1203,Biryani Blues,Desserts,2023-10-17 11:17:00,2023-10-17 12:28:00,Mumbai,Credit Card,1,423.28
O0410,C2255,Oven Story Pizza,Fast Food,2023-04-13 20:29:00,2023-04-13 21:26:00,Mumbai,COD,1,475.84
O0411,C4106,Box8,Italian,2023-11-26 13:20:00,2023-11-26 14:27:00,Mumbai,Wallet,5,692.98
O0412,C8265,Keventers,North Indian,2023-06-14 11:20:00,2023-06-14 11:44:00,Mumbai,UPI,5,226.03
O0413,C8088,Barbeque Nation,Biryani,2023-08-07 13:06:00,2023-08-07 14:11:00,Chennai,COD,2,389.2
O0414,C2052,Barbeque Nation,North Indian,2023-02-20 21:42:00,2023-02-20 22:48:00,Delhi,COD,3,679.26
O0415,C5859,Barbeque Nation,South Indian,2023-03-05 21:01:00,2023-03-05 21:28:00,Mumbai,UPI,5,166.98
O0416,C3311,Oven Story Pizza,South Indian,2023-01-16 19:14:00,2023-01-16 20:13:00,Pune,Credit Card,4,183.14
O0417,C3708,Barbeque Nation,Continental,2023-10-24 19:34:00,2023-10-24 20:23:00,Delhi,Wallet,4,263.16
O0418,C7255,Keventers,South Indian,2023-08-17 20:29:00,2023-08-17 21:44:00,Ahmedabad,Wallet,2,609.77
O0419,C4216,Faasos,Fast Food,2023-03-11 12:25:00,2023-03-11 13:38:00,Mumbai,UPI,3,659.44
O0420,C1906,Keventers,South Indian,2023-09-20 21:58:00,2023-09-20 22:27:00,Mumbai,Wallet,5,352.47
O0421,C1319,Biryani Blues,Italian,2023-05-27 12:31:00,2023-05-27 12:54:00,Pune,COD,2,485.99
O0422,C8691,Barbeque Nation,South Indian,2023-02-01 19:22:00,2023-02-01 20:19:00,Ahmedabad,Credit Card,3,383.83
O0423,C1640,Faasos,Continental,2023-06-12 20:32:00,2023-06-12 20:58:00,Hyderabad,Wallet,4,366.5
O0424,C2663,Oven Story Pizza,South Indian,2023-02-05 13:17:00,2023-02-05 14:25:00,Delhi,Credit Card,3,302.85
O0425,C1734,The Belgian Waffle Co.,Fast Food,2023-07-27 11:08:00,2023-07-27 12:18:00,Ahmedabad,Wallet,2,340.05
O0426,C4525,The Belgian Waffle Co.,Continental,2023-01-08 19:38:00,2023-01-08 19:58:00,Hyderabad,Credit Card,3,534.58
O0427,C3179,Keventers,Italian,2023-12-20 20:13:00,2023-12-20 21:23:00,Chennai,UPI,5,517.72
O0428,C6256,Keventers,North Indian,2023-09-28 12:17:00,2023-09-28 13:10:00,Bangalore,Wallet,5,539.5
O0429,C8421,Box8,Italian,2023-01-28 13:04:00,2023-01-28 13:55:00,Hyderabad,UPI,5,741.96
O0430,C8007,Biryani Blues,Fast Food,2023-05-28 19:25:00,2023-05-28 19:59:00,Bangalore,Credit Card,5,492.34
O0431,C3139,Oven Story Pizza,Continental,2023-02-01 12:48:00,2023-02-01 13:11:00,Chennai,COD,2,753.91
O0432,C4481,Oven Story Pizza,Fast Food,2023-09-23 21:47:00,2023-09-23 22:41:00,Bangalore,Credit Card,3,221.25
O0433,C5636,FreshMenu,Continental,2023-01-03 13:53:00,2023-01-03 14:21:00,Mumbai,Wallet,4,575.51
O0434,C2081,Behrouz Biryani,Fast Food,2023-07-03 12:20:00,2023-07-03 13:20:00,Kolkata,UPI,4,568.54
O0435,C8651,The Belgian Waffle Co.,South Indian,2023-08-21 12:42:00,2023-08-21 13:11:00,Kolkata,COD,1,395.65
O0436,C3893,Barbeque Nation,North Indian,2023-06-07 11:28:00,2023-06-07 12:12:00,Pune,Credit Card,5,416.59
O0437,C8450,FreshMenu,Biryani,2023-05-23 21:14:00,2023-05-23 21:36:00,Delhi,Wallet,4,451.18
O0438,C1943,Barbeque Nation,Chinese,2023-07-27 11:58:00,2023-07-27 12:46:00,Bangalore,COD,2,271.09
O0439,C7922,The Belgian Waffle Co.,Biryani,2023-01-02 19:03:00,2023-01-02 20:06:00,Chennai,Credit Card,4,504.22
O0440,C7092,The Belgian Waffle Co.,Chinese,2023-06-05 12:51:00,2023-06-05 13:57:00,Chennai,UPI,2,732.62
O0441,C5470,Behrouz Biryani,Desserts,2023-02-14 20:39:00,2023-02-14 21:28:00,Pune,Credit Card,2,742.23
O0442,C3497,Behrouz Biryani,North Indian,2023-11-13 19:35:00,2023-11-13 20:34:00,Bangalore,Wallet,5,610.57
O0443,C6311,Behrouz Biryani,North Indian,2023-02-16 21:46:00,2023-02-16 22:33:00,Chennai,UPI,4,702.74
O0444,C2457,FreshMenu,Desserts,2023-03-02 12:58:00,2023-03-02 13:23:00,Mumbai,Wallet,5,786.87
O0445,C1941,The Belgian Waffle Co.,Continental,2023-10-22 11:59:00,2023-10-22 13:02:00,Hyderabad,Credit Card,3,207.72
O0446,C8394,Biryani Blues,North Indian,2023-02-13 19:57:00,2023-02-13 21:10:00,Mumbai,Wallet,4,585.68
O0447,C8848,Faasos,Biryani,2023-09-24 11:10:00,2023-09-24 11:58:00,Delhi,Wallet,3,448.59
O0448,C9504,Barbeque Nation,Biryani,2023-07-18 19:34:00,2023-07-18 20:44:00,Ahmedabad,COD,4,689.01
O0449,C2481,Faasos,North Indian,2023-04-13 19:56:00,2023-04-13 21:07:00,Kolkata,Wallet,4,687.17
O0450,C5306,Oven Story Pizza,Biryani,2023-06-13 13:06:00,2023-06-13 13:33:00,Mumbai,UPI,2,162.98
O0451,C2058,Behrouz Biryani,Continental,2023-09-05 12:46:00,2023-09-05 13:28:00,Bangalore,UPI,2,393.15
O0452,C8222,Oven Story Pizza,Continental,2023-04-03 13:51:00,2023-04-03 14:55:00,Kolkata,Wallet,1,217.62
O0453,C9116,Burger Singh,North Indian,2023-08-19 13:32:00,2023-08-19 14:07:00,Mumbai,Wallet,1,429.33
O0454,C9809,Burger Singh,Biryani,2023-10-21 21:18:00,2023-10-21 22:00:00,Ahmedabad,COD,3,505.7
O0455,C3901,Faasos,Biryani,2023-06-07 19:07:00,2023-06-07 20:17:00,Mumbai,Wallet,5,171.58
O0456,C8010,Oven Story Pizza,Italian,2023-05-25 12:14:00,2023-05-25 13:29:00,Delhi,UPI,5,295.08
O0457,C5886,Keventers,Fast Food,2023-08-05 12:29:00,2023-08-05 13:17:00,Bangalore,Credit Card,1,519.46
O0458,C9158,Burger Singh,Fast Food,2023-10-28 13:08:00,2023-10-28 13:51:00,Delhi,Wallet,4,686.04
O0459,C1731,Barbeque Nation,North Indian,2023-12-20 12:20:00,2023-12-20 13:34:00,Hyderabad,UPI,4,428.27
O0460,C9126,Box8,Chinese,2023-07-21 19:31:00,2023-07-21 20:29:00,Mumbai,Credit Card,2,267.74
O0461,C6587,Barbeque Nation,South Indian,2023-12-09 19:20:00,2023-12-09 20:22:00,Ahmedabad,UPI,3,293.97
O0462,C7796,Barbeque Nation,Fast Food,2023-02-15 13:01:00,2023-02-15 14:07:00,Pune,Wallet,5,515.57
O0463,C9612,Behrouz Biryani,Fast Food,2023-11-14 21:42:00,2023-11-14 22:32:00,Ahmedabad,COD,1,399.61
O0464,C1321,The Belgian Waffle Co.,North Indian,2023-04-14 19:31:00,2023-04-14 20:37:00,Kolkata,COD,4,682.95
O0465,C6980,Behrouz Biryani,Fast Food,2023-11-06 13:52:00,2023-11-06 14:47:00,Hyderabad,Credit Card,3,210.99
O0466,C9680,The Belgian Waffle Co.,Continental,2023-11-26 13:21:00,2023-11-26 13:53:00,Delhi,UPI,2,547.45
O0467,C1255,Faasos,Italian,2023-12-15 12:16:00,2023-12-15 12:37:00,Ahmedabad,Credit Card,1,211.55
O0468,C7313,Barbeque Nation,Continental,2023-08-02 19:20:00,2023-08-02 20:13:00,Hyderabad,UPI,5,639.99
O0469,C3270,Behrouz Biryani,North Indian,2023-02-22 21:33:00,2023-02-22 22:07:00,Mumbai,UPI,1,267.52
O0470,C2680,FreshMenu,Desserts,2023-08-16 20:06:00,2023-08-16 20:36:00,Chennai,Credit Card,2,479.55
O0471,C3374,Faasos,Desserts,2023-01-13 19:48:00,2023-01-13 20:21:00,Bangalore,Credit Card,1,638.75
O0472,C2316,The Belgian Waffle Co.,Biryani,2023-09-15 19:40:00,2023-09-15 20:21:00,Delhi,Credit Card,5,290.03
O0473,C8402,Behrouz Biryani,North Indian,2023-06-18 20:37:00,2023-06-18 21:08:00,Delhi,UPI,2,586.78
O0474,C4257,Burger Singh,South Indian,2023-09-04 13:55:00,2023-09-04 14:47:00,Hyderabad,Credit Card,2,163.93
O0475,C9196,Faasos,North Indian,2023-11-02 11:07:00,2023-11-02 11:34:00,Hyderabad,Credit Card,4,733.88
O0476,C2062,Box8,Continental,2023-10-27 19:15:00,2023-10-27 20:16:00,Chennai,COD,3,341.83
O0477,C4697,Faasos,Desserts,2023-09-16 12:03:00,2023-09-16 13:10:00,Delhi,UPI,2,614.59
O0478,C8911,Biryani Blues,South Indian,2023-11-19 13:14:00,2023-11-19 13:40:00,Hyderabad,COD,2,798.98
O0479,C9210,Keventers,North Indian,2023-03-16 19:38:00,2023-03-16 20:31:00,Bangalore,COD,2,778.19
O0480,C4984,Biryani Blues,Continental,2023-06-09 20:46:00,2023-06-09 21:40:00,Chennai,Credit Card,3,758.86
O0481,C2282,Burger Singh,Chinese,2023-12-08 21:45:00,2023-12-08 22:06:00,Ahmedabad,COD,4,567.58
O0482,C4039,Box8,South Indian,2023-11-25 21:42:00,2023-11-25 22:39:00,Chennai,COD,2,549.79
O0483,C1918,Burger Singh,Fast Food,2023-11-18 19:23:00,2023-11-18 19:59:00,Pune,Wallet,3,645.99
O0484,C1835,Oven Story Pizza,Desserts,2023-03-12 21:55:00,2023-03-12 23:05:00,Hyderabad,Credit Card,1,159.27
O0485,C1489,Keventers,South Indian,2023-11-03 19:41:00,2023-11-03 20:48:00,Hyderabad,UPI,1,377.92
O0486,C5730,Burger Singh,Chinese,2023-06-21 12:05:00,2023-06-21 13:15:00,Pune,COD,3,463.17
O0487,C6319,Keventers,South Indian,2023-09-19 13:54:00,2023-09-19 14:43:00,Pune,UPI,2,571.33
O0488,C5548,Biryani Blues,Fast Food,2023-02-19 12:00:00,2023-02-19 13:12:00,Delhi,COD,3,549.87
O0489,C7912,Keventers,North Indian,2023-05-27 20:13:00,2023-05-27 21:18:00,Delhi,COD,1,352.6
O0490,C1745,Keventers,Italian,2023-05-01 20:46:00,2023-05-01 21:54:00,Chennai,UPI,4,608.62
O0491,C7796,Burger Singh,South Indian,2023-06-17 20:57:00,2023-06-17 21:59:00,Kolkata,Wallet,3,382.98
O0492,C8138,Burger Singh,Fast Food,2023-10-21 20:44:00,2023-10-21 21:19:00,Pune,Credit Card,5,365.82
O0493,C3738,FreshMenu,South Indian,2023-10-28 11:15:00,2023-10-28 12:14:00,Pune,UPI,1,719.07
O0494,C8924,Behrouz Biryani,Italian,2023-04-27 19:17:00,2023-04-27 20:10:00,Bangalore,Credit Card,2,618.44
O0495,C4660,Box8,South Indian,2023-10-25 12:35:00,2023-10-25 13:19:00,Mumbai,Wallet,3,668.65
O0496,C2586,Biryani Blues,Desserts,2023-03-18 19:19:00,2023-03-18 19:52:00,Bangalore,Credit Card,2,719.28
O0497,C7141,Behrouz Biryani,North Indian,2023-04-02 19:28:00,2023-04-02 20:30:00,Hyderabad,Credit Card,3,302.4
O0498,C2952,The Belgian Waffle Co.,Fast Food,2023-08-22 20:33:00,2023-08-22 21:40:00,Delhi,Wallet,4,382.78
O0499,C1801,Box8,Italian,2023-07-13 13:43:00,2023-07-13 14:51:00,Hyderabad,UPI,5,692.91
O0500,C6925,Burger Singh,Italian,2023-07-05 12:26:00,2023-07-05 12:58:00,Chennai,COD,3,751.18
O0501,C5772,Oven Story Pizza,Desserts,2023-01-01 11:52:00,2023-01-01 13:03:00,Bangalore,Credit Card,3,698.04
O0502,C6939,Oven Story Pizza,Biryani,2023-08-22 20:49:00,2023-08-22 21:45:00,Ahmedabad,UPI,2,290.49
O0503,C2478,The Belgian Waffle Co.,Continental,2023-10-11 12:34:00,2023-10-11 13:32:00,Delhi,UPI,4,342.15
O0504,C2648,Barbeque Nation,Biryani,2023-05-07 20:08:00,2023-05-07 21:07:00,Mumbai,Credit Card,4,472.47
O0505,C9210,FreshMenu,Continental,2023-10-01 12:45:00,2023-10-01 13:52:00,Bangalore,Credit Card,4,571.43
O0506,C5146,Behrouz Biryani,North Indian,2023-01-21 21:27:00,2023-01-21 22:31:00,Delhi,COD,1,766.09
O0507,C9338,Faasos,Fast Food,2023-09-28 11:46:00,2023-09-28 12:23:00,Pune,Credit Card,3,573.04
O0508,C8892,Oven Story Pizza,Fast Food,2023-06-22 12:40:00,2023-06-22 13:03:00,Delhi,Credit Card,1,340.35
O0509,C7487,Faasos,Italian,2023-09-08 21:54:00,2023-09-08 23:01:00,Chennai,Wallet,4,725.12
O0510,C7909,Oven Story Pizza,Continental,2023-11-10 12:43:00,2023-11-10 13:13:00,Hyderabad,COD,3,290.66
O0511,C5580,Behrouz Biryani,Fast Food,2023-07-11 19:39:00,2023-07-11 20:04:00,Pune,Credit Card,2,189.19
O0512,C9776,Box8,Desserts,2023-09-18 21:42:00,2023-09-18 22:53:00,Delhi,UPI,2,290.52
O0513,C1363,Faasos,Fast Food,2023-06-13 20:12:00,2023-06-13 20:52:00,Chennai,Credit Card,1,229.75
O0514,C6175,Behrouz Biryani,North Indian,2023-04-28 20:06:00,2023-04-28 20:41:00,Mumbai,COD,3,184.69
O0515,C1481,Box8,Desserts,2023-12-25 19:38:00,2023-12-25 20:07:00,Chennai,UPI,4,796.84
O0516,C8325,Barbeque Nation,South Indian,2023-09-26 19:14:00,2023-09-26 20:00:00,Mumbai,UPI,5,264.87
O0517,C7391,Barbeque Nation,Italian,2023-07-23 11:42:00,2023-07-23 12:19:00,Ahmedabad,Credit Card,4,359.64
O0518,C4397,FreshMenu,Chinese,2023-05-11 13:30:00,2023-05-11 14:25:00,Hyderabad,Wallet,3,221.98
O0519,C8151,Box8,Continental,2023-03-07 20:23:00,2023-03-07 21:34:00,Hyderabad,Wallet,5,560.91
O0520,C9704,The Belgian Waffle Co.,Fast Food,2023-11-27 13:18:00,2023-11-27 13:38:00,Kolkata,Credit Card,3,762.45
O0521,C7466,Faasos,Italian,2023-04-08 13:25:00,2023-04-08 14:13:00,Mumbai,Credit Card,4,317.14
O0522,C8469,Barbeque Nation,North Indian,2023-07-04 20:35:00,2023-07-04 21:04:00,Kolkata,Credit Card,4,315.5
O0523,C1737,Barbeque Nation,South Indian,2023-12-05 12:12:00,2023-12-05 12:41:00,Bangalore,Credit Card,5,699.7
O0524,C2234,The Belgian Waffle Co.,Desserts,2023-12-21 12:59:00,2023-12-21 14:00:00,Pune,COD,3,357.05
O0525,C8801,Oven Story Pizza,North Indian,2023-06-21 19:00:00,2023-06-21 19:47:00,Kolkata,COD,2,154.14
O0526,C1971,Box8,Italian,2023-11-15 20:32:00,2023-11-15 21:20:00,Kolkata,Credit Card,5,535.1
O0527,C9632,Barbeque Nation,Biryani,2023-09-05 20:58:00,2023-09-05 21:18:00,Pune,COD,5,328.73
O0528,C5843,FreshMenu,South Indian,2023-03-03 20:10:00,2023-03-03 21:10:00,Kolkata,UPI,1,188.77
O0529,C3401,Box8,Fast Food,2023-02-16 21:39:00,2023-02-16 22:26:00,Pune,UPI,4,710.96
O0530,C1693,Oven Story Pizza,North Indian,2023-10-22 12:53:00,2023-10-22 13:25:00,Chennai,UPI,4,541.52
O0531,C7386,Box8,Fast Food,2023-02-05 13:31:00,2023-02-05 14:29:00,Delhi,Wallet,5,625.19
O0532,C1011,The Belgian Waffle Co.,Continental,2023-12-02 19:10:00,2023-12-02 20:25:00,Delhi,COD,3,563.51
O0533,C3489,Barbeque Nation,North Indian,2023-01-17 11:05:00,2023-01-17 11:52:00,Hyderabad,Credit Card,3,540.28
O0534,C5461,Keventers,Desserts,2023-11-28 13:48:00,2023-11-28 14:35:00,Delhi,UPI,1,525.15
O0535,C1037,Oven Story Pizza,Continental,2023-05-13 20:40:00,2023-05-13 21:42:00,Pune,Credit Card,3,173.6
O0536,C8728,Burger Singh,Chinese,2023-11-04 13:56:00,2023-11-04 15:00:00,Mumbai,Credit Card,4,320.35
O0537,C6239,The Belgian Waffle Co.,Chinese,2023-05-11 11:37:00,2023-05-11 12:04:00,Bangalore,UPI,5,505.63
O0538,C2692,Barbeque Nation,Biryani,2023-01-26 13:07:00,2023-01-26 13:43:00,Hyderabad,UPI,4,704.42
O0539,C3667,Burger Singh,South Indian,2023-05-07 12:47:00,2023-05-07 13:25:00,Bangalore,COD,5,470.78
O0540,C3656,Keventers,North Indian,2023-05-11 19:52:00,2023-05-11 20:57:00,Bangalore,COD,3,581.43
O0541,C4711,The Belgian Waffle Co.,South Indian,2023-09-18 20:06:00,2023-09-18 21:11:00,Delhi,Credit Card,2,539.64
O0542,C8264,Burger Singh,North Indian,2023-12-20 11:07:00,2023-12-20 11:55:00,Chennai,Credit Card,3,190.51
O0543,C8993,Biryani Blues,Desserts,2023-11-04 21:13:00,2023-11-04 21:36:00,Pune,COD,5,163.03
O0544,C4054,Keventers,North Indian,2023-03-12 13:21:00,2023-03-12 14:13:00,Ahmedabad,COD,3,615.23
O0545,C8945,Burger Singh,Biryani,2023-04-05 13:33:00,2023-04-05 14:41:00,Chennai,Credit Card,3,239.88
O0546,C5233,Oven Story Pizza,North Indian,2023-03-18 13:08:00,2023-03-18 14:19:00,Hyderabad,COD,2,612.48
O0547,C5923,Barbeque Nation,South Indian,2023-05-21 12:29:00,2023-05-21 13:11:00,Ahmedabad,Credit Card,5,648.12
O0548,C8965,Oven Story Pizza,South Indian,2023-10-28 21:08:00,2023-10-28 21:50:00,Ahmedabad,Wallet,5,733.82
O0549,C1024,Faasos,North Indian,2023-06-13 13:48:00,2023-06-13 14:50:00,Delhi,UPI,5,259.63
O0550,C2148,The Belgian Waffle Co.,Continental,2023-10-15 20:11:00,2023-10-15 21:13:00,Hyderabad,UPI,2,213.06
O0551,C8270,Behrouz Biryani,Continental,2023-05-10 19:37:00,2023-05-10 20:47:00,Hyderabad,Credit Card,1,432.94
O0552,C1532,Burger Singh,Fast Food,2023-04-26 21:52:00,2023-04-26 22:28:00,Chennai,Credit Card,2,236.33
O0553,C8141,Box8,Chinese,2023-07-10 20:19:00,2023-07-10 21:26:00,Hyderabad,UPI,4,260.82
O0554,C3688,Barbeque Nation,Fast Food,2023-06-16 12:00:00,2023-06-16 12:46:00,Bangalore,Wallet,4,462.08
O0555,C4891,Box8,Italian,2023-09-01 20:42:00,2023-09-01 21:30:00,Pune,Wallet,5,449.56
O0556,C2464,Burger Singh,Desserts,2023-11-21 13:17:00,2023-11-21 13:46:00,Delhi,Credit Card,5,217.38
O0557,C6403,Faasos,Desserts,2023-06-20 20:51:00,2023-06-20 22:01:00,Kolkata,UPI,3,642.37
O0558,C5994,Burger Singh,Fast Food,2023-01-10 12:55:00,2023-01-10 14:00:00,Delhi,COD,5,710.23
O0559,C3958,Biryani Blues,Continental,2023-04-15 21:03:00,2023-04-15 21:57:00,Delhi,COD,4,672.42
O0560,C5469,Keventers,Chinese,2023-08-13 19:22:00,2023-08-13 19:56:00,Kolkata,Credit Card,2,165.08
O0561,C2242,FreshMenu,Chinese,2023-04-23 20:34:00,2023-04-23 21:25:00,Chennai,UPI,2,689.58
O0562,C7063,The Belgian Waffle Co.,Fast Food,2023-10-20 20:30:00,2023-10-20 21:28:00,Ahmedabad,COD,4,359.4
O0563,C3833,Faasos,Desserts,2023-06-22 21:53:00,2023-06-22 22:57:00,Hyderabad,Credit Card,5,612.82
O0564,C8797,The Belgian Waffle Co.,Italian,2023-09-03 19:27:00,2023-09-03 20:26:00,Hyderabad,Credit Card,3,217.3
O0565,C4768,Oven Story Pizza,Chinese,2023-11-04 19:46:00,2023-11-04 20:37:00,Delhi,Wallet,3,400.01
O0566,C2266,Oven Story Pizza,Desserts,2023-05-26 13:57:00,2023-05-26 14:37:00,Kolkata,UPI,2,686.19
O0567,C8739,Biryani Blues,Chinese,2023-02-03 19:23:00,2023-02-03 20:16:00,Hyderabad,UPI,4,359.37
O0568,C9776,Burger Singh,South Indian,2023-10-09 12:06:00,2023-10-09 13:03:00,Ahmedabad,COD,3,710.12
O0569,C5525,Barbeque Nation,Biryani,2023-09-16 11:59:00,2023-09-16 12:37:00,Pune,Credit Card,4,742.69
O0570,C1507,Behrouz Biryani,Desserts,2023-03-08 13:28:00,2023-03-08 13:59:00,Chennai,Wallet,3,516.83
O0571,C4806,Box8,Chinese,2023-11-24 21:14:00,2023-11-24 22:07:00,Chennai,UPI,4,451.95
O0572,C6582,Barbeque Nation,Fast Food,2023-05-24 12:12:00,2023-05-24 13:21:00,Pune,Credit Card,3,622.11
O0573,C4519,FreshMenu,North Indian,2023-05-03 12:15:00,2023-05-03 13:06:00,Delhi,Wallet,1,684.2
O0574,C3472,Oven Story Pizza,Biryani,2023-10-12 20:07:00,2023-10-12 20:42:00,Bangalore,COD,3,465.19
O0575,C2450,Biryani Blues,Italian,2023-09-09 12:11:00,2023-09-09 12:59:00,Chennai,COD,5,385.59
O0576,C7732,Box8,North Indian,2023-08-25 12:54:00,2023-08-25 13:44:00,Hyderabad,Wallet,3,382.0
O0577,C7627,The Belgian Waffle Co.,North Indian,2023-02-28 13:14:00,2023-02-28 13:52:00,Pune,COD,5,231.38
O0578,C3872,Burger Singh,North Indian,2023-11-26 19:23:00,2023-11-26 19:47:00,Hyderabad,COD,4,262.55
O0579,C9483,Box8,Continental,2023-01-15 12:52:00,2023-01-15 13:42:00,Bangalore,Wallet,5,176.2
O0580,C9308,Keventers,Fast Food,2023-10-03 20:05:00,2023-10-03 20:59:00,Bangalore,Wallet,1,223.21
O0581,C6622,Barbeque Nation,North Indian,2023-08-12 13:41:00,2023-08-12 14:26:00,Hyderabad,Credit Card,1,319.43
O0582,C3955,Burger Singh,South Indian,2023-10-24 11:08:00,2023-10-24 11:48:00,Mumbai,Credit Card,3,516.78
O0583,C4108,FreshMenu,Chinese,2023-01-16 20:48:00,2023-01-16 22:03:00,Delhi,COD,3,730.83
O0584,C9024,Barbeque Nation,Chinese,2023-01-22 13:42:00,2023-01-22 14:47:00,Chennai,Credit Card,4,315.43
O0585,C7255,Faasos,Continental,2023-07-14 20:58:00,2023-07-14 22:05:00,Mumbai,UPI,5,709.76
O0586,C4278,Biryani Blues,Fast Food,2023-04-19 19:14:00,2023-04-19 20:04:00,Kolkata,Credit Card,5,304.71
O0587,C5520,Oven Story Pizza,North Indian,2023-10-21 19:40:00,2023-10-21 20:43:00,Mumbai,Credit Card,3,592.79
O0588,C3781,FreshMenu,South Indian,2023-06-10 13:19:00,2023-06-10 13:59:00,Hyderabad,Credit Card,4,342.09
O0589,C3862,Box8,North Indian,2023-01-03 13:49:00,2023-01-03 14:19:00,Pune,COD,5,161.51
O0590,C5254,Biryani Blues,South Indian,2023-11-18 12:43:00,2023-11-18 13:39:00,Bangalore,UPI,5,418.82
O0591,C3580,Oven Story Pizza,Fast Food,2023-12-14 12:44:00,2023-12-14 13:56:00,Kolkata,Wallet,5,486.92
O0592,C4623,Burger Singh,Fast Food,2023-12-11 12:12:00,2023-12-11 12:58:00,Pune,Wallet,5,280.17
O0593,C2720,Biryani Blues,Desserts,2023-11-12 21:01:00,2023-11-12 22:06:00,Kolkata,Wallet,5,649.14
O0594,C7539,Biryani Blues,Chinese,2023-07-25 19:10:00,2023-07-25 19:48:00,Delhi,UPI,5,644.31
O0595,C6529,Barbeque Nation,Fast Food,2023-09-20 13:34:00,2023-09-20 14:49:00,Hyderabad,Credit Card,5,727.11
O0596,C4478,Biryani Blues,Chinese,2023-06-02 12:56:00,2023-06-02 13:33:00,Hyderabad,COD,1,459.03
O0597,C9569,Box8,Fast Food,2023-06-20 21:39:00,2023-06-20 22:11:00,Ahmedabad,Credit Card,2,346.4
O0598,C6479,Faasos,Biryani,2023-06-25 12:04:00,2023-06-25 12:28:00,Bangalore,COD,4,559.84
O0599,C8813,Burger Singh,South Indian,2023-05-16 13:27:00,2023-05-16 14:18:00,Mumbai,Wallet,2,156.94
O0600,C6392,Behrouz Biryani,South Indian,2023-06-04 13:44:00,2023-06-04 14:45:00,Ahmedabad,COD,1,383.51
O0601,C2747,FreshMenu,Fast Food,2023-07-04 11:04:00,2023-07-04 12:02:00,Delhi,Credit Card,4,546.37
O0602,C9451,Barbeque Nation,Chinese,2023-10-23 12:01:00,2023-10-23 13:01:00,Mumbai,Wallet,3,506.16
O0603,C8796,The Belgian Waffle Co.,Chinese,2023-11-08 13:24:00,2023-11-08 14:15:00,Hyderabad,UPI,3,423.22
O0604,C7313,Burger Singh,Continental,2023-08-19 13:15:00,2023-08-19 13:55:00,Kolkata,Wallet,3,459.13
O0605,C7306,Box8,Biryani,2023-08-28 20:30:00,2023-08-28 21:22:00,Bangalore,Wallet,1,262.29
O0606,C5151,Behrouz Biryani,Biryani,2023-12-05 12:14:00,2023-12-05 12:58:00,Pune,COD,2,214.47
O0607,C3904,Oven Story Pizza,Desserts,2023-04-09 20:30:00,2023-04-09 21:13:00,Kolkata,Credit Card,1,738.05
O0608,C9330,Biryani Blues,Italian,2023-09-28 12:31:00,2023-09-28 12:51:00,Kolkata,COD,4,730.92
O0609,C5739,Faasos,Biryani,2023-04-18 21:15:00,2023-04-18 21:56:00,Chennai,COD,4,374.34
O0610,C3786,Burger Singh,South Indian,2023-08-08 12:23:00,2023-08-08 13:05:00,Hyderabad,Credit Card,3,680.18
O0611,C9239,Oven Story Pizza,Italian,2023-04-13 12:07:00,2023-04-13 13:18:00,Chennai,UPI,4,522.4
O0612,C4190,FreshMenu,Italian,2023-06-13 21:18:00,2023-06-13 21:44:00,Chennai,Credit Card,1,211.18
O0613,C9819,Behrouz Biryani,Chinese,2023-10-16 12:54:00,2023-10-16 13:17:00,Ahmedabad,COD,1,514.43
O0614,C3038,The Belgian Waffle Co.,North Indian,2023-12-21 11:30:00,2023-12-21 11:57:00,Mumbai,UPI,1,525.75
O0615,C1704,Burger Singh,Desserts,2023-03-18 13:10:00,2023-03-18 13:30:00,Mumbai,COD,5,707.55
O0616,C8140,Faasos,Fast Food,2023-03-03 20:37:00,2023-03-03 21:00:00,Mumbai,Credit Card,1,724.78
O0617,C4569,Barbeque Nation,Continental,2023-05-12 11:01:00,2023-05-12 11:55:00,Ahmedabad,COD,4,327.12
O0618,C4570,Biryani Blues,Biryani,2023-10-16 13:36:00,2023-10-16 13:58:00,Ahmedabad,UPI,2,738.57
O0619,C2949,Burger Singh,South Indian,2023-11-25 11:48:00,2023-11-25 13:03:00,Delhi,UPI,5,184.05
O0620,C4646,Faasos,Biryani,2023-07-27 12:05:00,2023-07-27 13:14:00,Bangalore,COD,2,790.2
O0621,C7865,Box8,Continental,2023-05-23 19:26:00,2023-05-23 20:21:00,Pune,UPI,3,523.33
O0622,C4700,Burger Singh,Biryani,2023-03-10 20:43:00,2023-03-10 21:03:00,Pune,COD,3,738.47
O0623,C5904,FreshMenu,North Indian,2023-08-19 20:22:00,2023-08-19 20:59:00,Delhi,Wallet,4,620.88
O0624,C7217,The Belgian Waffle Co.,Fast Food,2023-07-11 12:29:00,2023-07-11 13:24:00,Kolkata,UPI,4,772.03
O0625,C4721,FreshMenu,North Indian,2023-12-27 21:07:00,2023-12-27 21:37:00,Ahmedabad,Credit Card,4,295.62
O0626,C6227,Behrouz Biryani,Desserts,2023-08-04 13:17:00,2023-08-04 13:52:00,Pune,UPI,3,646.69
O0627,C2702,Barbeque Nation,Continental,2023-05-02 20:16:00,2023-05-02 20:43:00,Hyderabad,Credit Card,3,360.08
O0628,C4912,Burger Singh,South Indian,2023-11-16 21:25:00,2023-11-16 22:02:00,Delhi,Wallet,2,770.59
O0629,C4041,Burger Singh,South Indian,2023-02-21 13:03:00,2023-02-21 14:16:00,Pune,UPI,4,151.01
O0630,C9574,Faasos,Desserts,2023-12-28 13:21:00,2023-12-28 14:01:00,Kolkata,Wallet,5,794.67
O0631,C4345,Behrouz Biryani,Desserts,2023-05-03 19:00:00,2023-05-03 20:03:00,Delhi,UPI,1,787.47
O0632,C4603,The Belgian Waffle Co.,South Indian,2023-03-12 13:37:00,2023-03-12 14:08:00,Hyderabad,COD,3,440.09
O0633,C7142,Oven Story Pizza,South Indian,2023-07-27 11:29:00,2023-07-27 12:26:00,Mumbai,COD,4,462.4
O0634,C4416,Oven Story Pizza,Continental,2023-07-15 13:38:00,2023-07-15 14:04:00,Chennai,Wallet,2,703.82
O0635,C1587,Box8,Desserts,2023-09-13 21:38:00,2023-09-13 22:38:00,Pune,Credit Card,4,742.29
O0636,C8779,Burger Singh,Continental,2023-03-06 20:13:00,2023-03-06 21:04:00,Mumbai,COD,1,492.58
O0637,C3606,Behrouz Biryani,North Indian,2023-10-11 11:02:00,2023-10-11 11:42:00,Pune,Credit Card,5,287.38
O0638,C2799,Faasos,South Indian,2023-09-14 19:01:00,2023-09-14 19:43:00,Delhi,UPI,1,684.87
O0639,C3176,Behrouz Biryani,Italian,2023-12-22 13:51:00,2023-12-22 14:30:00,Chennai,UPI,3,269.15
O0640,C8208,FreshMenu,Italian,2023-06-09 11:17:00,2023-06-09 11:44:00,Kolkata,UPI,2,204.12
O0641,C6638,Faasos,Continental,2023-11-26 19:53:00,2023-11-26 20:30:00,Delhi,COD,2,211.66
O0642,C1146,Barbeque Nation,Fast Food,2023-01-21 13:55:00,2023-01-21 14:46:00,Chennai,Wallet,3,283.99
O0643,C9991,Box8,Biryani,2023-03-08 20:46:00,2023-03-08 21:13:00,Mumbai,UPI,2,657.77
O0644,C2290,Burger Singh,Fast Food,2023-01-27 20:31:00,2023-01-27 21:12:00,Delhi,COD,3,533.63
O0645,C6166,Biryani Blues,Italian,2023-09-06 13:51:00,2023-09-06 14:11:00,Mumbai,Wallet,2,395.98
O0646,C5728,FreshMenu,Desserts,2023-04-01 13:22:00,2023-04-01 14:23:00,Pune,Credit Card,2,369.07
O0647,C9685,Biryani Blues,Italian,2023-12-12 20:55:00,2023-12-12 21:19:00,Chennai,Wallet,3,225.66
O0648,C7856,The Belgian Waffle Co.,Chinese,2023-03-15 13:55:00,2023-03-15 14:34:00,Chennai,Credit Card,2,159.61
O0649,C3610,The Belgian Waffle Co.,Fast Food,2023-05-06 11:58:00,2023-05-06 13:09:00,Pune,COD,3,614.04
O0650,C4382,The Belgian Waffle Co.,Italian,2023-04-26 20:24:00,2023-04-26 21:24:00,Hyderabad,UPI,3,523.58
O0651,C1117,Biryani Blues,Biryani,2023-08-18 12:44:00,2023-08-18 13:11:00,Mumbai,Credit Card,4,368.98
O0652,C3267,Faasos,North Indian,2023-08-13 20:34:00,2023-08-13 20:58:00,Hyderabad,UPI,3,191.41
O0653,C8926,Box8,Chinese,2023-11-22 12:01:00,2023-11-22 13:04:00,Kolkata,Credit Card,2,262.96
O0654,C3597,Burger Singh,Biryani,2023-03-05 19:30:00,2023-03-05 20:09:00,Pune,Wallet,2,461.35
O0655,C2204,Biryani Blues,Fast Food,2023-07-09 12:20:00,2023-07-09 12:41:00,Kolkata,Credit Card,1,790.06
O0656,C5059,Barbeque Nation,Fast Food,2023-02-27 20:38:00,2023-02-27 21:52:00,Kolkata,Credit Card,5,786.72
O0657,C5781,FreshMenu,Continental,2023-01-20 13:29:00,2023-01-20 13:51:00,Chennai,COD,1,763.14
O0658,C6472,Biryani Blues,Continental,2023-09-11 11:27:00,2023-09-11 12:42:00,Hyderabad,COD,3,625.64
O0659,C8433,Box8,Continental,2023-03-10 11:18:00,2023-03-10 11:48:00,Hyderabad,COD,5,735.19
O0660,C3861,Oven Story Pizza,South Indian,2023-05-25 12:51:00,2023-05-25 14:06:00,Bangalore,COD,5,199.11
O0661,C2598,Box8,Continental,2023-09-27 13:40:00,2023-09-27 14:16:00,Hyderabad,Wallet,1,710.66
O0662,C8935,FreshMenu,Fast Food,2023-12-01 13:45:00,2023-12-01 14:23:00,Pune,Credit Card,2,664.77
O0663,C1646,Burger Singh,Biryani,2023-07-24 13:14:00,2023-07-24 14:16:00,Kolkata,UPI,5,280.83
O0664,C2825,Oven Story Pizza,Chinese,2023-05-08 12:55:00,2023-05-08 13:46:00,Bangalore,COD,4,517.86
O0665,C6237,Biryani Blues,Continental,2023-08-23 19:18:00,2023-08-23 20:11:00,Chennai,UPI,3,694.89
O0666,C3468,The Belgian Waffle Co.,Biryani,2023-03-22 19:22:00,2023-03-22 19:54:00,Pune,Wallet,4,269.06
O0667,C8608,Barbeque Nation,South Indian,2023-01-19 12:23:00,2023-01-19 13:06:00,Pune,Credit Card,2,642.46
O0668,C4042,The Belgian Waffle Co.,Biryani,2023-10-13 21:58:00,2023-10-13 22:59:00,Bangalore,Wallet,4,156.8
O0669,C1079,Behrouz Biryani,Italian,2023-07-25 19:27:00,2023-07-25 20:29:00,Kolkata,UPI,4,289.11
O0670,C3687,Burger Singh,North Indian,2023-05-23 13:57:00,2023-05-23 15:10:00,Kolkata,Wallet,5,195.02
O0671,C8703,The Belgian Waffle Co.,Continental,2023-01-15 20:21:00,2023-01-15 21:33:00,Pune,UPI,4,729.58
O0672,C7234,The Belgian Waffle Co.,South Indian,2023-12-20 21:10:00,2023-12-20 22:13:00,Kolkata,COD,2,427.36
O0673,C2719,Faasos,Fast Food,2023-08-02 20:54:00,2023-08-02 21:48:00,Bangalore,Credit Card,4,733.17
O0674,C9865,Box8,South Indian,2023-02-14 20:38:00,2023-02-14 21:05:00,Bangalore,UPI,4,379.65
O0675,C9556,Burger Singh,South Indian,2023-03-27 21:29:00,2023-03-27 22:25:00,Mumbai,Wallet,1,228.78
O0676,C5009,Keventers,Fast Food,2023-03-13 12:14:00,2023-03-13 13:21:00,Pune,UPI,2,775.21
O0677,C7861,Box8,Italian,2023-06-06 19:57:00,2023-06-06 21:11:00,Pune,COD,1,510.31
O0678,C6712,FreshMenu,Desserts,2023-05-23 12:26:00,2023-05-23 12:58:00,Ahmedabad,Wallet,5,492.4
O0679,C6532,The Belgian Waffle Co.,Italian,2023-08-14 12:42:00,2023-08-14 13:08:00,Mumbai,Wallet,3,577.54
O0680,C3694,Oven Story Pizza,Italian,2023-01-27 12:15:00,2023-01-27 13:06:00,Kolkata,Wallet,2,382.52
O0681,C4013,Biryani Blues,Fast Food,2023-04-22 21:44:00,2023-04-22 22:52:00,Chennai,COD,1,410.71
O0682,C8336,Box8,South Indian,2023-01-12 13:00:00,2023-01-12 14:07:00,Chennai,Credit Card,2,320.92
O0683,C7226,Biryani Blues,Chinese,2023-03-04 13:04:00,2023-03-04 13:53:00,Kolkata,COD,3,686.63
O0684,C2890,The Belgian Waffle Co.,South Indian,2023-12-19 19:26:00,2023-12-19 19:47:00,Ahmedabad,Credit Card,1,724.19
O0685,C3070,Keventers,North Indian,2023-11-16 13:14:00,2023-11-16 13:41:00,Kolkata,COD,1,171.36
O0686,C4457,The Belgian Waffle Co.,Biryani,2023-03-25 20:20:00,2023-03-25 21:10:00,Ahmedabad,UPI,2,294.98
O0687,C2313,Biryani Blues,Italian,2023-07-25 20:01:00,2023-07-25 20:29:00,Mumbai,UPI,1,260.33
O0688,C5270,The Belgian Waffle Co.,North Indian,2023-12-23 20:43:00,2023-12-23 21:57:00,Bangalore,COD,3,201.92
O0689,C3567,Box8,Biryani,2023-09-16 20:47:00,2023-09-16 21:30:00,Ahmedabad,COD,5,200.75
O0690,C4259,Biryani Blues,Italian,2023-08-12 12:10:00,2023-08-12 12:33:00,Delhi,Wallet,4,769.81
O0691,C1720,FreshMenu,Biryani,2023-04-26 19:15:00,2023-04-26 20:09:00,Kolkata,Wallet,2,246.03
O0692,C1867,FreshMenu,South Indian,2023-09-22 20:28:00,2023-09-22 20:51:00,Mumbai,COD,2,697.92
O0693,C6721,Oven Story Pizza,Fast Food,2023-01-02 19:28:00,2023-01-02 19:50:00,Hyderabad,UPI,1,569.67
O0694,C6076,FreshMenu,Fast Food,2023-09-12 12:18:00,2023-09-12 13:07:00,Mumbai,UPI,5,624.3
O0695,C9002,Oven Story Pizza,Fast Food,2023-01-24 21:14:00,2023-01-24 22:07:00,Chennai,Credit Card,2,161.86
O0696,C1301,Burger Singh,Italian,2023-01-12 19:51:00,2023-01-12 20:17:00,Bangalore,Credit Card,2,256.95
O0697,C4001,Barbeque Nation,North Indian,2023-07-16 12:23:00,2023-07-16 12:56:00,Delhi,Credit Card,4,347.71
O0698,C7537,Burger Singh,Chinese,2023-03-03 20:52:00,2023-03-03 21:15:00,Chennai,UPI,2,528.6
O0699,C2822,Keventers,Chinese,2023-04-04 13:02:00,2023-04-04 13:46:00,Kolkata,Wallet,3,505.27
O0700,C9834,Keventers,Continental,2023-09-01 21:54:00,2023-09-01 22:22:00,Pune,Credit Card,5,744.76
O0701,C6965,Faasos,North Indian,2023-12-19 20:42:00,2023-12-19 21:10:00,Hyderabad,Credit Card,4,756.88
O0702,C8647,Faasos,Biryani,2023-03-04 12:52:00,2023-03-04 13:26:00,Hyderabad,Wallet,4,419.59
O0703,C4506,Biryani Blues,Italian,2023-08-27 20:23:00,2023-08-27 21:15:00,Hyderabad,COD,4,630.89
O0704,C6070,Oven Story Pizza,South Indian,2023-08-14 20:05:00,2023-08-14 21:18:00,Hyderabad,UPI,5,527.57
O0705,C9205,Burger Singh,South Indian,2023-07-05 20:58:00,2023-07-05 21:44:00,Hyderabad,Wallet,2,605.51
O0706,C7561,Biryani Blues,North Indian,2023-06-02 11:28:00,2023-06-02 12:28:00,Hyderabad,UPI,2,749.36
O0707,C4748,Burger Singh,South Indian,2023-01-12 11:21:00,2023-01-12 11:43:00,Ahmedabad,COD,2,574.21
O0708,C8372,Burger Singh,Desserts,2023-06-28 12:11:00,2023-06-28 12:52:00,Ahmedabad,Wallet,1,591.71
O0709,C1335,Biryani Blues,Biryani,2023-06-15 20:21:00,2023-06-15 20:54:00,Chennai,Wallet,5,480.89
O0710,C8770,Burger Singh,Biryani,2023-06-08 12:04:00,2023-06-08 12:48:00,Hyderabad,Wallet,2,517.78
O0711,C1591,Behrouz Biryani,Biryani,2023-04-04 19:53:00,2023-04-04 20:30:00,Bangalore,Wallet,5,198.7
O0712,C6818,Oven Story Pizza,Italian,2023-03-05 19:03:00,2023-03-05 19:53:00,Pune,UPI,1,188.48
O0713,C8448,FreshMenu,Biryani,2023-08-18 20:02:00,2023-08-18 20:33:00,Chennai,Credit Card,4,414.71
O0714,C8892,Biryani Blues,Chinese,2023-02-15 19:59:00,2023-02-15 21:11:00,Chennai,COD,4,233.75
O0715,C8938,Behrouz Biryani,Fast Food,2023-11-08 11:04:00,2023-11-08 12:00:00,Mumbai,Credit Card,5,197.99
O0716,C6087,Faasos,South Indian,2023-02-27 13:29:00,2023-02-27 14:09:00,Pune,Credit Card,4,647.16
O0717,C9258,Oven Story Pizza,Continental,2023-01-10 19:37:00,2023-01-10 20:11:00,Bangalore,UPI,2,442.43
O0718,C9653,Burger Singh,Desserts,2023-02-14 20:38:00,2023-02-14 21:45:00,Kolkata,UPI,3,158.74
O0719,C7048,The Belgian Waffle Co.,Italian,2023-08-08 13:55:00,2023-08-08 14:41:00,Mumbai,Credit Card,3,783.19
O0720,C8363,Faasos,Biryani,2023-11-18 12:24:00,2023-11-18 12:55:00,Chennai,COD,2,785.47
O0721,C2522,Oven Story Pizza,Italian,2023-11-28 13:05:00,2023-11-28 13:36:00,Kolkata,UPI,4,467.77
O0722,C8568,Behrouz Biryani,Fast Food,2023-09-24 12:49:00,2023-09-24 13:47:00,Mumbai,Wallet,2,398.13
O0723,C2832,Keventers,Biryani,2023-01-10 12:30:00,2023-01-10 13:25:00,Bangalore,Credit Card,3,513.7
O0724,C5647,Burger Singh,Desserts,2023-09-22 11:14:00,2023-09-22 11:34:00,Pune,Credit Card,5,355.6
O0725,C9584,The Belgian Waffle Co.,Chinese,2023-04-04 19:04:00,2023-04-04 19:24:00,Ahmedabad,UPI,5,687.25
O0726,C6769,Faasos,South Indian,2023-09-09 13:15:00,2023-09-09 13:53:00,Pune,Credit Card,4,512.06
O0727,C9772,Biryani Blues,North Indian,2023-10-13 20:45:00,2023-10-13 21:33:00,Chennai,Credit Card,4,394.02
O0728,C8995,Barbeque Nation,Continental,2023-09-04 20:03:00,2023-09-04 20:48:00,Pune,COD,1,470.25
O0729,C4827,Barbeque Nation,Italian,2023-10-27 20:13:00,2023-10-27 21:20:00,Mumbai,UPI,2,506.87
O0730,C2369,The Belgian Waffle Co.,South Indian,2023-06-05 19:00:00,2023-06-05 19:22:00,Mumbai,UPI,5,752.11
O0731,C7773,Faasos,North Indian,2023-04-23 11:18:00,2023-04-23 11:59:00,Delhi,UPI,1,355.15
O0732,C4494,Keventers,North Indian,2023-11-15 13:07:00,2023-11-15 13:48:00,Ahmedabad,Wallet,2,225.8
O0733,C8708,Oven Story Pizza,Italian,2023-07-26 19:28:00,2023-07-26 19:56:00,Mumbai,COD,1,674.2
O0734,C4869,Box8,South Indian,2023-06-20 21:52:00,2023-06-20 22:55:00,Pune,COD,1,704.95
O0735,C6269,Burger Singh,Fast Food,2023-12-10 21:29:00,2023-12-10 22:30:00,Bangalore,UPI,3,640.95
O0736,C3910,Biryani Blues,Biryani,2023-11-16 20:30:00,2023-11-16 21:23:00,Mumbai,UPI,1,362.82
O0737,C4890,The Belgian Waffle Co.,North Indian,2023-01-07 20:39:00,2023-01-07 21:28:00,Delhi,COD,5,513.39
O0738,C1775,Burger Singh,Chinese,2023-12-15 19:57:00,2023-12-15 21:11:00,Hyderabad,Wallet,5,286.96
O0739,C1430,Biryani Blues,North Indian,2023-01-20 20:27:00,2023-01-20 21:03:00,Hyderabad,Wallet,5,705.83
O0740,C7247,Keventers,Desserts,2023-10-27 20:11:00,2023-10-27 20:41:00,Kolkata,COD,4,330.55
O0741,C3804,Burger Singh,Italian,2023-07-10 21:16:00,2023-07-10 22:30:00,Bangalore,COD,2,580.86
O0742,C9123,Behrouz Biryani,Italian,2023-01-20 19:56:00,2023-01-20 21:04:00,Bangalore,Wallet,4,407.79
O0743,C9695,FreshMenu,Continental,2023-06-03 12:15:00,2023-06-03 13:01:00,Mumbai,Credit Card,3,263.3
O0744,C9243,The Belgian Waffle Co.,Biryani,2023-01-28 13:15:00,2023-01-28 13:42:00,Kolkata,Wallet,2,244.9
O0745,C8845,Behrouz Biryani,Desserts,2023-03-05 11:20:00,2023-03-05 11:44:00,Chennai,UPI,5,413.39
O0746,C3089,Keventers,Biryani,2023-02-08 20:19:00,2023-02-08 20:47:00,Pune,COD,4,718.78
O0747,C3381,Faasos,North Indian,2023-06-17 13:43:00,2023-06-17 14:54:00,Hyderabad,Wallet,2,744.03
O0748,C9984,Faasos,Italian,2023-09-18 12:32:00,2023-09-18 13:18:00,Chennai,Credit Card,1,797.05
O0749,C8402,Behrouz Biryani,Chinese,2023-12-20 13:18:00,2023-12-20 14:13:00,Mumbai,Credit Card,4,169.65
O0750,C7070,The Belgian Waffle Co.,Continental,2023-03-12 12:30:00,2023-03-12 13:32:00,Delhi,Credit Card,5,782.16
O0751,C7003,FreshMenu,Continental,2023-02-06 12:59:00,2023-02-06 13:48:00,Ahmedabad,UPI,2,741.28
O0752,C3555,Oven Story Pizza,South Indian,2023-07-20 20:15:00,2023-07-20 21:11:00,Ahmedabad,UPI,5,166.7
O0753,C2157,FreshMenu,Desserts,2023-04-01 13:14:00,2023-04-01 14:01:00,Pune,UPI,1,302.48
O0754,C5472,Biryani Blues,Continental,2023-02-28 12:18:00,2023-02-28 12:43:00,Chennai,UPI,4,461.89
O0755,C4719,FreshMenu,Biryani,2023-09-19 20:12:00,2023-09-19 21:09:00,Ahmedabad,Wallet,1,299.2
O0756,C8148,Faasos,North Indian,2023-05-06 13:56:00,2023-05-06 15:11:00,Kolkata,Wallet,3,343.81
O0757,C8982,Box8,Chinese,2023-05-28 12:36:00,2023-05-28 13:00:00,Bangalore,UPI,4,650.22
O0758,C5731,Oven Story Pizza,Italian,2023-12-13 20:14:00,2023-12-13 21:00:00,Kolkata,COD,1,399.44
O0759,C6482,Keventers,North Indian,2023-02-11 11:31:00,2023-02-11 12:45:00,Mumbai,COD,4,307.91
O0760,C4102,Barbeque Nation,Italian,2023-05-09 19:56:00,2023-05-09 20:28:00,Hyderabad,COD,1,286.58
O0761,C3315,Faasos,Chinese,2023-12-01 12:29:00,2023-12-01 13:06:00,Hyderabad,UPI,5,797.01
O0762,C9074,The Belgian Waffle Co.,Biryani,2023-12-17 20:53:00,2023-12-17 21:24:00,Kolkata,COD,3,163.53
O0763,C6608,Behrouz Biryani,North Indian,2023-03-22 13:19:00,2023-03-22 14:24:00,Ahmedabad,UPI,1,308.3
O0764,C6953,Oven Story Pizza,Desserts,2023-01-01 19:48:00,2023-01-01 20:18:00,Bangalore,UPI,3,664.89
O0765,C8683,Barbeque Nation,Chinese,2023-12-08 11:05:00,2023-12-08 11:38:00,Ahmedabad,Credit Card,2,494.87
O0766,C3726,Keventers,Fast Food,2023-05-25 21:47:00,2023-05-25 22:25:00,Kolkata,Credit Card,5,493.23
O0767,C5843,Biryani Blues,South Indian,2023-02-23 20:33:00,2023-02-23 21:14:00,Ahmedabad,Wallet,2,171.8
O0768,C6568,Keventers,Continental,2023-10-21 12:45:00,2023-10-21 13:15:00,Mumbai,UPI,3,706.98
O0769,C6959,Barbeque Nation,Biryani,2023-09-10 13:35:00,2023-09-10 14:18:00,Mumbai,Credit Card,4,342.12
O0770,C2722,Box8,Fast Food,2023-07-13 12:16:00,2023-07-13 12:51:00,Pune,Wallet,3,213.99
O0771,C9761,Keventers,Continental,2023-06-23 19:18:00,2023-06-23 20:05:00,Kolkata,Credit Card,1,665.82
O0772,C8012,Faasos,North Indian,2023-05-04 13:23:00,2023-05-04 14:27:00,Kolkata,Credit Card,2,605.75
O0773,C4724,Behrouz Biryani,Desserts,2023-06-02 20:19:00,2023-06-02 20:40:00,Mumbai,COD,5,779.91
O0774,C6900,Box8,Italian,2023-09-12 19:20:00,2023-09-12 20:20:00,Mumbai,COD,4,718.75
O0775,C8635,Keventers,North Indian,2023-03-01 20:34:00,2023-03-01 21:22:00,Delhi,Credit Card,3,561.86
O0776,C5744,Burger Singh,Chinese,2023-09-13 21:48:00,2023-09-13 22:11:00,Bangalore,Wallet,5,385.18
O0777,C6810,Box8,Italian,2023-09-01 12:38:00,2023-09-01 13:16:00,Delhi,COD,2,302.18
O0778,C6601,Barbeque Nation,South Indian,2023-11-28 21:10:00,2023-11-28 21:33:00,Hyderabad,COD,2,491.72
O0779,C6097,FreshMenu,South Indian,2023-09-24 13:26:00,2023-09-24 14:29:00,Mumbai,UPI,3,773.47
O0780,C4262,Oven Story Pizza,Fast Food,2023-08-11 13:14:00,2023-08-11 14:20:00,Chennai,COD,5,359.2
O0781,C3907,Box8,North Indian,2023-10-23 11:06:00,2023-10-23 11:57:00,Bangalore,Credit Card,1,262.54
O0782,C4789,The Belgian Waffle Co.,South Indian,2023-11-27 11:44:00,2023-11-27 12:19:00,Mumbai,UPI,1,476.69
O0783,C7567,Keventers,Italian,2023-01-16 19:09:00,2023-01-16 20:03:00,Bangalore,Credit Card,5,566.85
O0784,C2972,Biryani Blues,Fast Food,2023-03-27 19:47:00,2023-03-27 20:35:00,Chennai,COD,4,739.4
O0785,C2261,Barbeque Nation,Desserts,2023-05-27 12:57:00,2023-05-27 13:54:00,Delhi,Credit Card,5,535.74
O0786,C4137,Faasos,Chinese,2023-02-19 12:37:00,2023-02-19 13:39:00,Ahmedabad,Wallet,4,392.03
O0787,C2581,Keventers,Desserts,2023-10-26 20:42:00,2023-10-26 21:48:00,Chennai,COD,4,720.95
O0788,C5933,The Belgian Waffle Co.,Chinese,2023-12-19 12:47:00,2023-12-19 13:18:00,Bangalore,UPI,2,781.74
O0789,C4581,Biryani Blues,South Indian,2023-03-28 12:45:00,2023-03-28 13:55:00,Pune,Wallet,1,489.33
O0790,C9147,Oven Story Pizza,North Indian,2023-08-15 12:43:00,2023-08-15 13:09:00,Delhi,COD,5,275.66
O0791,C3868,Faasos,South Indian,2023-06-02 19:56:00,2023-06-02 20:37:00,Hyderabad,COD,1,280.79
O0792,C5777,Behrouz Biryani,Italian,2023-09-26 19:15:00,2023-09-26 19:41:00,Delhi,UPI,3,432.63
O0793,C9016,Keventers,Biryani,2023-08-15 21:07:00,2023-08-15 22:03:00,Ahmedabad,Credit Card,1,287.37
O0794,C9471,Barbeque Nation,Italian,2023-05-09 12:15:00,2023-05-09 13:16:00,Bangalore,UPI,5,425.43
O0795,C8439,Behrouz Biryani,Continental,2023-09-22 12:51:00,2023-09-22 13:25:00,Chennai,Wallet,5,212.38
O0796,C1031,Behrouz Biryani,Fast Food,2023-10-07 20:16:00,2023-10-07 20:58:00,Delhi,Wallet,5,153.98
O0797,C5571,Faasos,Continental,2023-12-23 19:14:00,2023-12-23 20:03:00,Bangalore,Wallet,1,610.42
O0798,C1271,Barbeque Nation,Italian,2023-06-16 21:58:00,2023-06-16 22:56:00,Mumbai,UPI,5,573.56
O0799,C3492,The Belgian Waffle Co.,Biryani,2023-02-07 12:58:00,2023-02-07 13:24:00,Ahmedabad,COD,4,241.57
O0800,C9717,The Belgian Waffle Co.,Biryani,2023-09-11 13:14:00,2023-09-11 14:15:00,Delhi,UPI,2,390.85
O0801,C3759,Burger Singh,Biryani,2023-06-03 12:29:00,2023-06-03 12:59:00,Delhi,COD,4,283.31
O0802,C1185,FreshMenu,Biryani,2023-12-08 19:23:00,2023-12-08 19:59:00,Bangalore,UPI,4,464.47
O0803,C7281,FreshMenu,Italian,2023-02-05 13:48:00,2023-02-05 14:21:00,Hyderabad,Credit Card,2,753.26
O0804,C8569,Faasos,Biryani,2023-10-16 20:15:00,2023-10-16 21:05:00,Pune,COD,3,698.74
O0805,C1662,Faasos,Biryani,2023-01-17 13:30:00,2023-01-17 14:03:00,Hyderabad,COD,3,285.89
O0806,C8995,Box8,Chinese,2023-01-25 11:21:00,2023-01-25 12:02:00,Mumbai,Credit Card,5,348.18
O0807,C4731,FreshMenu,Fast Food,2023-12-02 13:12:00,2023-12-02 13:58:00,Chennai,COD,2,497.33
O0808,C1912,Box8,North Indian,2023-10-25 20:17:00,2023-10-25 21:03:00,Mumbai,UPI,1,530.8
O0809,C4066,Biryani Blues,Continental,2023-01-09 13:25:00,2023-01-09 14:35:00,Hyderabad,Wallet,1,247.77
O0810,C6974,The Belgian Waffle Co.,Fast Food,2023-01-25 12:34:00,2023-01-25 13:16:00,Ahmedabad,COD,5,190.52
O0811,C4041,Biryani Blues,South Indian,2023-06-25 19:04:00,2023-06-25 19:35:00,Pune,UPI,4,387.37
O0812,C1960,Barbeque Nation,Chinese,2023-10-12 20:11:00,2023-10-12 21:01:00,Mumbai,COD,2,357.95
O0813,C3748,Box8,Biryani,2023-09-26 20:17:00,2023-09-26 21:08:00,Mumbai,Wallet,3,529.51
O0814,C1071,FreshMenu,Desserts,2023-11-10 12:59:00,2023-11-10 14:14:00,Delhi,UPI,5,300.96
O0815,C7491,Box8,Italian,2023-02-20 21:31:00,2023-02-20 22:10:00,Pune,Credit Card,4,660.75
O0816,C6361,Barbeque Nation,Chinese,2023-01-27 13:02:00,2023-01-27 13:25:00,Mumbai,Wallet,4,203.71
O0817,C5859,The Belgian Waffle Co.,Desserts,2023-12-19 13:26:00,2023-12-19 14:41:00,Pune,Credit Card,3,336.58
O0818,C7744,The Belgian Waffle Co.,South Indian,2023-11-03 19:37:00,2023-11-03 20:43:00,Bangalore,Wallet,2,545.3
O0819,C7390,Oven Story Pizza,Italian,2023-10-27 19:19:00,2023-10-27 20:16:00,Kolkata,UPI,1,240.99
O0820,C8573,Burger Singh,Continental,2023-06-09 20:52:00,2023-06-09 21:43:00,Bangalore,Credit Card,2,690.89
O0821,C1029,Faasos,Desserts,2023-12-07 19:34:00,2023-12-07 20:19:00,Pune,UPI,2,670.76
O0822,C6394,Barbeque Nation,Italian,2023-04-23 19:37:00,2023-04-23 20:43:00,Bangalore,Wallet,3,786.02
O0823,C7449,Barbeque Nation,Fast Food,2023-03-19 21:13:00,2023-03-19 21:44:00,Mumbai,Credit Card,3,330.42
O0824,C1114,Behrouz Biryani,Desserts,2023-10-08 11:59:00,2023-10-08 12:34:00,Delhi,COD,5,613.09
O0825,C7165,Burger Singh,Biryani,2023-04-20 20:52:00,2023-04-20 21:59:00,Chennai,Wallet,3,790.41
O0826,C1213,Oven Story Pizza,Desserts,2023-06-01 19:59:00,2023-06-01 21:07:00,Kolkata,UPI,5,230.75
O0827,C2254,Barbeque Nation,Biryani,2023-04-11 12:43:00,2023-04-11 13:17:00,Chennai,UPI,2,349.45
O0828,C8133,Oven Story Pizza,Fast Food,2023-10-04 20:46:00,2023-10-04 22:01:00,Pune,Credit Card,4,706.55
O0829,C8275,Biryani Blues,North Indian,2023-09-16 12:21:00,2023-09-16 13:08:00,Bangalore,UPI,1,359.16
O0830,C1640,Keventers,Biryani,2023-02-01 20:40:00,2023-02-01 21:10:00,Bangalore,COD,3,185.35
O0831,C9429,The Belgian Waffle Co.,South Indian,2023-10-25 13:39:00,2023-10-25 14:01:00,Pune,Credit Card,2,160.53
O0832,C6839,Faasos,North Indian,2023-09-09 21:45:00,2023-09-09 22:14:00,Delhi,Wallet,5,544.13
O0833,C9399,The Belgian Waffle Co.,Continental,2023-10-03 12:40:00,2023-10-03 13:40:00,Kolkata,Wallet,2,709.76
O0834,C6916,Behrouz Biryani,Chinese,2023-10-06 13:47:00,2023-10-06 14:08:00,Pune,UPI,5,723.15
O0835,C7086,Burger Singh,Desserts,2023-09-26 19:59:00,2023-09-26 20:23:00,Bangalore,UPI,3,765.31
O0836,C8750,Burger Singh,Desserts,2023-08-06 12:22:00,2023-08-06 12:55:00,Pune,UPI,5,411.58
O0837,C7389,Behrouz Biryani,Chinese,2023-06-07 19:42:00,2023-06-07 20:51:00,Delhi,UPI,5,602.42
O0838,C3420,Burger Singh,Desserts,2023-08-23 20:23:00,2023-08-23 20:45:00,Chennai,Credit Card,2,671.73
O0839,C1257,Barbeque Nation,Italian,2023-06-02 21:59:00,2023-06-02 22:26:00,Delhi,UPI,1,341.87
O0840,C7271,Barbeque Nation,Italian,2023-07-26 12:14:00,2023-07-26 12:42:00,Bangalore,Wallet,5,645.86
O0841,C6102,Keventers,Fast Food,2023-12-28 20:16:00,2023-12-28 21:31:00,Chennai,Wallet,4,369.01
O0842,C3481,Burger Singh,Biryani,2023-09-09 11:05:00,2023-09-09 12:05:00,Delhi,UPI,2,779.02
O0843,C9606,Faasos,Desserts,2023-07-15 19:30:00,2023-07-15 20:06:00,Delhi,Wallet,1,722.59
O0844,C3716,Barbeque Nation,Italian,2023-09-04 12:13:00,2023-09-04 12:56:00,Ahmedabad,COD,3,334.41
O0845,C3665,The Belgian Waffle Co.,Continental,2023-12-23 21:50:00,2023-12-23 22:45:00,Pune,COD,5,646.76
O0846,C1075,Burger Singh,South Indian,2023-07-17 19:54:00,2023-07-17 20:20:00,Hyderabad,Credit Card,1,398.99
O0847,C9146,FreshMenu,Chinese,2023-03-11 12:05:00,2023-03-11 13:03:00,Kolkata,UPI,1,653.27
O0848,C4036,Behrouz Biryani,Chinese,2023-04-27 13:03:00,2023-04-27 13:40:00,Hyderabad,UPI,1,521.57
O0849,C7244,Oven Story Pizza,Continental,2023-12-27 12:28:00,2023-12-27 13:38:00,Delhi,UPI,1,337.2
O0850,C6171,Biryani Blues,North Indian,2023-09-05 19:13:00,2023-09-05 19:41:00,Kolkata,Credit Card,5,372.61
O0851,C5106,Faasos,Fast Food,2023-10-07 19:26:00,2023-10-07 20:04:00,Hyderabad,Wallet,5,359.79
O0852,C9535,Biryani Blues,Biryani,2023-07-12 13:10:00,2023-07-12 13:43:00,Chennai,Credit Card,1,652.2
O0853,C4264,Biryani Blues,South Indian,2023-11-12 13:22:00,2023-11-12 13:47:00,Mumbai,Credit Card,3,252.3
O0854,C9061,Barbeque Nation,Chinese,2023-04-12 20:13:00,2023-04-12 20:37:00,Kolkata,UPI,1,518.32
O0855,C4644,Box8,Chinese,2023-07-14 13:25:00,2023-07-14 14:39:00,Delhi,Credit Card,2,630.27
O0856,C4094,Behrouz Biryani,Desserts,2023-03-20 20:34:00,2023-03-20 21:02:00,Chennai,Credit Card,4,517.25
O0857,C5225,Biryani Blues,Continental,2023-08-06 19:11:00,2023-08-06 19:56:00,Mumbai,UPI,4,377.04
O0858,C2820,Faasos,Chinese,2023-01-21 13:48:00,2023-01-21 14:11:00,Hyderabad,COD,4,301.09
O0859,C3602,Biryani Blues,North Indian,2023-05-12 12:43:00,2023-05-12 13:04:00,Mumbai,Wallet,5,413.64
O0860,C4735,The Belgian Waffle Co.,Continental,2023-11-10 20:28:00,2023-11-10 21:27:00,Mumbai,UPI,2,565.87
O0861,C9716,The Belgian Waffle Co.,Chinese,2023-10-22 20:42:00,2023-10-22 21:11:00,Delhi,Credit Card,3,597.66
O0862,C5793,Burger Singh,Fast Food,2023-01-24 13:41:00,2023-01-24 14:45:00,Bangalore,COD,3,537.15
O0863,C4022,Burger Singh,Biryani,2023-05-10 11:03:00,2023-05-10 12:17:00,Kolkata,Wallet,4,650.12
O0864,C3636,The Belgian Waffle Co.,Chinese,2023-10-02 11:26:00,2023-10-02 12:02:00,Mumbai,UPI,3,746.01
O0865,C6450,Behrouz Biryani,Chinese,2023-08-28 12:26:00,2023-08-28 13:26:00,Bangalore,UPI,4,493.22
O0866,C7371,FreshMenu,Fast Food,2023-11-01 12:28:00,2023-11-01 13:07:00,Pune,UPI,4,550.97
O0867,C3896,FreshMenu,Desserts,2023-11-28 19:57:00,2023-11-28 20:24:00,Bangalore,Wallet,1,536.62
O0868,C9349,Keventers,Italian,2023-09-17 19:56:00,2023-09-17 20:54:00,Bangalore,COD,4,257.14
O0869,C9226,Behrouz Biryani,Chinese,2023-08-22 13:54:00,2023-08-22 14:37:00,Pune,Wallet,4,466.26
O0870,C8805,Biryani Blues,North Indian,2023-11-26 20:41:00,2023-11-26 21:28:00,Kolkata,COD,3,464.65
O0871,C2969,Oven Story Pizza,Chinese,2023-11-05 12:15:00,2023-11-05 13:23:00,Chennai,UPI,2,592.85
O0872,C9579,Oven Story Pizza,South Indian,2023-08-16 13:27:00,2023-08-16 14:34:00,Ahmedabad,COD,3,405.5
O0873,C5280,Biryani Blues,Biryani,2023-05-27 20:42:00,2023-05-27 21:32:00,Delhi,Credit Card,2,241.14
O0874,C2717,The Belgian Waffle Co.,South Indian,2023-04-08 19:01:00,2023-04-08 19:26:00,Chennai,UPI,4,770.93
O0875,C4066,Keventers,Desserts,2023-02-23 20:32:00,2023-02-23 20:52:00,Bangalore,Credit Card,5,168.66
O0876,C5101,Barbeque Nation,Biryani,2023-02-18 21:48:00,2023-02-18 22:43:00,Kolkata,COD,2,437.64
O0877,C8389,FreshMenu,North Indian,2023-02-12 21:03:00,2023-02-12 22:07:00,Hyderabad,Credit Card,5,437.89
O0878,C2214,FreshMenu,Fast Food,2023-09-18 12:25:00,2023-09-18 13:07:00,Mumbai,UPI,5,673.1
O0879,C2855,Faasos,South Indian,2023-04-11 20:32:00,2023-04-11 21:13:00,Pune,COD,1,758.45
O0880,C6795,Faasos,North Indian,2023-06-24 12:49:00,2023-06-24 13:11:00,Ahmedabad,Wallet,4,176.97
O0881,C6712,Box8,South Indian,2023-07-22 20:33:00,2023-07-22 21:45:00,Bangalore,Wallet,4,643.56
O0882,C8800,Box8,North Indian,2023-03-24 19:31:00,2023-03-24 20:00:00,Kolkata,UPI,2,742.75
O0883,C5644,Keventers,Biryani,2023-02-24 21:54:00,2023-02-24 22:20:00,Delhi,Wallet,4,476.31
O0884,C7022,Oven Story Pizza,North Indian,2023-09-03 20:24:00,2023-09-03 20:57:00,Mumbai,Wallet,2,290.25
O0885,C9811,Burger Singh,Fast Food,2023-07-27 13:59:00,2023-07-27 15:14:00,Bangalore,Wallet,5,720.06
O0886,C2679,Faasos,Italian,2023-09-04 13:17:00,2023-09-04 14:24:00,Chennai,COD,3,784.62
O0887,C6872,Faasos,Continental,2023-11-12 11:22:00,2023-11-12 11:52:00,Delhi,Credit Card,1,349.57
O0888,C7800,Behrouz Biryani,Continental,2023-02-20 13:05:00,2023-02-20 14:16:00,Chennai,UPI,1,330.83
O0889,C2131,Behrouz Biryani,Italian,2023-09-03 20:03:00,2023-09-03 21:02:00,Ahmedabad,Credit Card,3,572.86
O0890,C2689,Faasos,Fast Food,2023-04-08 20:17:00,2023-04-08 21:00:00,Pune,Wallet,1,187.23
O0891,C7687,The Belgian Waffle Co.,Desserts,2023-10-20 20:51:00,2023-10-20 21:22:00,Chennai,Credit Card,2,324.79
O0892,C9757,Box8,South Indian,2023-05-17 20:17:00,2023-05-17 21:03:00,Kolkata,Credit Card,5,521.39
O0893,C1391,Keventers,South Indian,2023-10-26 20:25:00,2023-10-26 20:46:00,Chennai,COD,3,183.18
O0894,C3189,Oven Story Pizza,North Indian,2023-06-08 13:08:00,2023-06-08 13:53:00,Pune,UPI,1,320.24
O0895,C2307,Behrouz Biryani,Continental,2023-02-25 11:16:00,2023-02-25 12:17:00,Hyderabad,Credit Card,4,315.06
O0896,C3777,Faasos,North Indian,2023-07-19 12:45:00,2023-07-19 13:59:00,Chennai,Wallet,3,484.83
O0897,C6023,Burger Singh,Chinese,2023-10-13 11:32:00,2023-10-13 11:59:00,Ahmedabad,Wallet,4,359.79
O0898,C9903,Burger Singh,North Indian,2023-06-03 21:40:00,2023-06-03 22:28:00,Delhi,UPI,2,318.93
O0899,C9490,Keventers,Biryani,2023-01-08 13:48:00,2023-01-08 14:26:00,Delhi,COD,1,585.08
O0900,C4794,Burger Singh,Desserts,2023-09-10 19:34:00,2023-09-10 20:05:00,Bangalore,Credit Card,4,451.13
O0901,C9848,The Belgian Waffle Co.,North Indian,2023-04-24 13:03:00,2023-04-24 14:04:00,Mumbai,UPI,5,289.47
O0902,C4392,Burger Singh,Chinese,2023-04-22 12:48:00,2023-04-22 13:09:00,Bangalore,COD,3,634.63
O0903,C1771,Biryani Blues,North Indian,2023-02-25 21:05:00,2023-02-25 21:46:00,Bangalore,Credit Card,5,600.8
O0904,C5917,Box8,South Indian,2023-02-06 12:45:00,2023-02-06 13:48:00,Bangalore,Credit Card,5,300.82
O0905,C8258,Box8,North Indian,2023-03-11 19:54:00,2023-03-11 20:25:00,Kolkata,COD,4,303.72
O0906,C6553,Behrouz Biryani,Biryani,2023-11-24 20:20:00,2023-11-24 20:54:00,Pune,UPI,3,436.74
O0907,C7283,Burger Singh,Desserts,2023-01-13 21:43:00,2023-01-13 22:51:00,Delhi,COD,4,407.78
O0908,C6186,Barbeque Nation,Fast Food,2023-02-25 12:28:00,2023-02-25 13:21:00,Chennai,Wallet,3,569.49
O0909,C9624,FreshMenu,Chinese,2023-07-27 21:39:00,2023-07-27 22:51:00,Kolkata,Credit Card,2,576.04
O0910,C2597,Keventers,Desserts,2023-08-23 12:25:00,2023-08-23 13:20:00,Mumbai,Credit Card,4,550.17
O0911,C5176,Oven Story Pizza,Italian,2023-11-23 19:14:00,2023-11-23 19:57:00,Hyderabad,COD,2,165.23
O0912,C8169,Faasos,Biryani,2023-03-09 13:09:00,2023-03-09 14:20:00,Delhi,Wallet,2,479.67
O0913,C7081,Behrouz Biryani,Desserts,2023-09-08 20:40:00,2023-09-08 21:34:00,Ahmedabad,Wallet,1,307.45
O0914,C1590,Box8,Italian,2023-02-16 20:04:00,2023-02-16 20:53:00,Pune,UPI,2,257.91
O0915,C2223,Burger Singh,Biryani,2023-09-01 20:11:00,2023-09-01 20:45:00,Kolkata,Credit Card,2,713.14
O0916,C4991,Barbeque Nation,North Indian,2023-03-12 19:22:00,2023-03-12 20:05:00,Pune,COD,1,798.47
O0917,C7315,Faasos,Continental,2023-12-15 21:29:00,2023-12-15 21:53:00,Bangalore,UPI,5,435.59
O0918,C1534,FreshMenu,North Indian,2023-07-03 12:05:00,2023-07-03 13:02:00,Mumbai,Credit Card,5,502.97
O0919,C5008,FreshMenu,Continental,2023-06-19 19:26:00,2023-06-19 20:04:00,Bangalore,Credit Card,5,768.32
O0920,C6850,Barbeque Nation,Desserts,2023-07-08 19:02:00,2023-07-08 19:51:00,Pune,UPI,4,745.9
O0921,C2561,Keventers,Desserts,2023-10-10 21:49:00,2023-10-10 22:09:00,Pune,Wallet,5,463.91
O0922,C6122,Box8,Italian,2023-05-10 21:47:00,2023-05-10 23:01:00,Kolkata,Credit Card,5,398.35
O0923,C7836,Box8,Fast Food,2023-01-11 19:36:00,2023-01-11 20:12:00,Kolkata,Wallet,3,428.56
O0924,C8236,FreshMenu,Continental,2023-06-10 12:41:00,2023-06-10 13:38:00,Kolkata,Credit Card,1,662.66
O0925,C4828,Faasos,Biryani,2023-04-09 19:28:00,2023-04-09 20:04:00,Mumbai,UPI,1,629.45
O0926,C8097,Burger Singh,Biryani,2023-04-24 12:19:00,2023-04-24 13:28:00,Delhi,UPI,1,592.01
O0927,C6159,Burger Singh,Biryani,2023-04-23 13:57:00,2023-04-23 14:34:00,Delhi,Wallet,1,237.79
O0928,C7854,FreshMenu,Desserts,2023-05-23 20:42:00,2023-05-23 21:42:00,Bangalore,Credit Card,2,704.04
O0929,C2417,Barbeque Nation,Chinese,2023-05-02 20:52:00,2023-05-02 21:19:00,Ahmedabad,Credit Card,3,167.4
O0930,C4743,Oven Story Pizza,Chinese,2023-03-11 19:17:00,2023-03-11 19:47:00,Bangalore,Wallet,2,204.79
O0931,C6358,Oven Story Pizza,Biryani,2023-01-02 13:38:00,2023-01-02 14:27:00,Kolkata,COD,3,428.79
O0932,C8308,Barbeque Nation,Italian,2023-05-25 13:49:00,2023-05-25 14:54:00,Pune,UPI,2,325.06
O0933,C5588,Oven Story Pizza,Chinese,2023-09-21 12:09:00,2023-09-21 12:48:00,Mumbai,UPI,4,655.89
O0934,C5745,Box8,Chinese,2023-01-16 13:47:00,2023-01-16 14:45:00,Kolkata,COD,2,655.69
O0935,C8834,Keventers,Desserts,2023-12-04 11:23:00,2023-12-04 12:03:00,Hyderabad,Wallet,2,317.11
O0936,C8633,Oven Story Pizza,Fast Food,2023-05-03 20:50:00,2023-05-03 21:54:00,Pune,UPI,4,793.54
O0937,C1924,Keventers,South Indian,2023-10-09 12:30:00,2023-10-09 13:38:00,Chennai,COD,4,197.09
O0938,C3130,The Belgian Waffle Co.,North Indian,2023-07-15 20:47:00,2023-07-15 21:58:00,Kolkata,UPI,5,521.91
O0939,C6795,Oven Story Pizza,South Indian,2023-01-17 19:30:00,2023-01-17 19:52:00,Pune,Wallet,3,178.66
O0940,C2032,Barbeque Nation,Biryani,2023-11-21 13:22:00,2023-11-21 13:57:00,Delhi,COD,3,624.22
O0941,C5914,The Belgian Waffle Co.,Continental,2023-08-16 21:21:00,2023-08-16 22:04:00,Pune,COD,4,466.57
O0942,C2185,FreshMenu,Desserts,2023-12-13 12:57:00,2023-12-13 13:45:00,Mumbai,UPI,1,550.93
O0943,C9611,Box8,Biryani,2023-05-10 19:39:00,2023-05-10 20:52:00,Bangalore,Credit Card,5,722.54
O0944,C3383,FreshMenu,Continental,2023-05-23 20:24:00,2023-05-23 21:16:00,Ahmedabad,Wallet,5,292.22
O0945,C6575,Burger Singh,Continental,2023-11-20 21:06:00,2023-11-20 21:26:00,Pune,Wallet,5,427.91
O0946,C6648,The Belgian Waffle Co.,Biryani,2023-04-28 19:16:00,2023-04-28 19:53:00,Mumbai,COD,4,177.37
O0947,C6222,Keventers,Desserts,2023-06-20 11:29:00,2023-06-20 12:05:00,Mumbai,Credit Card,1,153.27
O0948,C8106,Barbeque Nation,Chinese,2023-12-09 12:35:00,2023-12-09 13:17:00,Mumbai,Wallet,5,750.42
O0949,C7928,Behrouz Biryani,Italian,2023-02-27 12:47:00,2023-02-27 13:32:00,Kolkata,UPI,4,229.49
O0950,C3102,FreshMenu,North Indian,2023-08-03 11:33:00,2023-08-03 12:19:00,Bangalore,Credit Card,2,523.8
O0951,C7736,Faasos,North Indian,2023-08-05 13:16:00,2023-08-05 13:44:00,Pune,COD,5,622.34
O0952,C4375,Biryani Blues,Chinese,2023-09-15 19:57:00,2023-09-15 21:10:00,Ahmedabad,UPI,3,317.35
O0953,C2414,Behrouz Biryani,Chinese,2023-05-12 19:01:00,2023-05-12 20:07:00,Kolkata,COD,2,361.5
O0954,C2484,Biryani Blues,Biryani,2023-07-08 20:35:00,2023-07-08 21:10:00,Kolkata,COD,3,638.22
O0955,C2475,Burger Singh,Chinese,2023-08-20 12:55:00,2023-08-20 13:46:00,Hyderabad,Credit Card,1,655.33
O0956,C8817,Keventers,North Indian,2023-02-18 20:29:00,2023-02-18 21:23:00,Pune,Wallet,1,299.18
O0957,C4044,Faasos,Chinese,2023-01-21 12:27:00,2023-01-21 13:16:00,Pune,Wallet,2,325.0
O0958,C4496,Behrouz Biryani,Continental,2023-03-28 11:59:00,2023-03-28 12:43:00,Chennai,COD,1,519.99
O0959,C8944,The Belgian Waffle Co.,Chinese,2023-09-16 12:27:00,2023-09-16 13:22:00,Chennai,UPI,2,466.64
O0960,C9851,The Belgian Waffle Co.,South Indian,2023-09-27 11:29:00,2023-09-27 12:42:00,Hyderabad,COD,4,641.64
O0961,C4566,Keventers,Desserts,2023-04-21 13:09:00,2023-04-21 14:14:00,Kolkata,UPI,5,166.35
O0962,C2332,Box8,Desserts,2023-07-07 20:32:00,2023-07-07 21:22:00,Chennai,Credit Card,2,316.99
O0963,C5004,FreshMenu,Italian,2023-06-14 13:04:00,2023-06-14 13:49:00,Kolkata,Wallet,5,254.49
O0964,C4450,Barbeque Nation,Continental,2023-06-21 20:49:00,2023-06-21 22:03:00,Mumbai,COD,2,206.88
O0965,C7297,FreshMenu,Fast Food,2023-11-25 13:08:00,2023-11-25 14:17:00,Bangalore,Credit Card,4,357.92
O0966,C3242,FreshMenu,Continental,2023-11-11 11:35:00,2023-11-11 12:16:00,Pune,Wallet,5,258.11
O0967,C2208,Barbeque Nation,Chinese,2023-04-02 13:57:00,2023-04-02 14:49:00,Ahmedabad,Credit Card,1,395.9
O0968,C2251,Biryani Blues,Biryani,2023-02-27 12:05:00,2023-02-27 12:27:00,Pune,Wallet,2,474.45
O0969,C1126,Behrouz Biryani,Fast Food,2023-12-21 19:38:00,2023-12-21 20:22:00,Chennai,Wallet,3,734.8
O0970,C8711,Burger Singh,South Indian,2023-11-28 20:29:00,2023-11-28 21:26:00,Mumbai,COD,1,491.42
O0971,C9497,Box8,Fast Food,2023-03-17 13:14:00,2023-03-17 14:21:00,Mumbai,Credit Card,2,495.05
O0972,C7419,Burger Singh,Fast Food,2023-06-10 20:17:00,2023-06-10 20:46:00,Hyderabad,COD,3,160.48
O0973,C4120,Keventers,Italian,2023-03-08 20:38:00,2023-03-08 21:22:00,Delhi,COD,3,569.33
O0974,C1514,Biryani Blues,Desserts,2023-08-17 20:38:00,2023-08-17 21:35:00,Chennai,UPI,3,725.22
O0975,C7978,Box8,Continental,2023-02-28 19:27:00,2023-02-28 20:27:00,Kolkata,Credit Card,1,575.53
O0976,C1005,Box8,Continental,2023-05-21 20:37:00,2023-05-21 21:21:00,Pune,UPI,1,268.06
O0977,C3468,Box8,Italian,2023-10-08 12:25:00,2023-10-08 13:40:00,Pune,Wallet,3,219.45
O0978,C8118,Behrouz Biryani,Biryani,2023-08-13 19:00:00,2023-08-13 19:32:00,Delhi,UPI,2,205.97
O0979,C5766,Keventers,Fast Food,2023-06-11 19:29:00,2023-06-11 20:43:00,Pune,UPI,5,531.89
O0980,C6683,Behrouz Biryani,Desserts,2023-09-05 13:20:00,2023-09-05 14:11:00,Ahmedabad,Credit Card,1,549.29
O0981,C9714,Barbeque Nation,Fast Food,2023-02-11 19:11:00,2023-02-11 19:45:00,Ahmedabad,Credit Card,5,700.04
O0982,C4755,Keventers,South Indian,2023-09-16 20:35:00,2023-09-16 21:33:00,Mumbai,Wallet,2,176.63
O0983,C5692,Behrouz Biryani,Fast Food,2023-01-17 12:45:00,2023-01-17 13:25:00,Kolkata,Credit Card,4,174.22
O0984,C4456,Burger Singh,Fast Food,2023-07-06 12:15:00,2023-07-06 12:43:00,Delhi,Wallet,4,270.49
O0985,C7105,The Belgian Waffle Co.,North Indian,2023-06-20 20:03:00,2023-06-20 21:01:00,Chennai,COD,1,152.73
O0986,C9127,Burger Singh,Desserts,2023-10-02 21:23:00,2023-10-02 21:57:00,Kolkata,Credit Card,1,184.94
O0987,C8332,Biryani Blues,Biryani,2023-01-24 19:32:00,2023-01-24 20:03:00,Bangalore,Wallet,3,590.4
O0988,C1752,Burger Singh,North Indian,2023-07-12 12:11:00,2023-07-12 12:41:00,Hyderabad,Wallet,2,721.12
O0989,C7483,Keventers,Fast Food,2023-07-28 19:01:00,2023-07-28 19:30:00,Pune,UPI,2,757.26
O0990,C7232,The Belgian Waffle Co.,Chinese,2023-05-21 11:21:00,2023-05-21 12:16:00,Pune,Wallet,3,711.02
O0991,C3550,Keventers,Italian,2023-05-06 13:49:00,2023-05-06 14:39:00,Bangalore,Wallet,1,573.72
O0992,C4225,Faasos,Chinese,2023-07-16 19:56:00,2023-07-16 20:22:00,Ahmedabad,Wallet,1,405.08
O0993,C1455,Barbeque Nation,Desserts,2023-08-17 20:54:00,2023-08-17 21:48:00,Hyderabad,COD,4,593.93
O0994,C2041,Biryani Blues,Chinese,2023-09-02 21:17:00,2023-09-02 22:25:00,Chennai,Credit Card,4,624.41
O0995,C6442,FreshMenu,Desserts,2023-01-15 13:57:00,2023-01-15 15:06:00,Delhi,Credit Card,1,317.12
O0996,C6932,Faasos,Fast Food,2023-02-28 13:15:00,2023-02-28 14:14:00,Bangalore,UPI,3,698.16
O0997,C3457,Biryani Blues,Continental,2023-05-08 13:11:00,2023-05-08 13:43:00,Mumbai,COD,5,294.62
O0998,C8270,Burger Singh,Chinese,2023-01-06 21:09:00,2023-01-06 21:34:00,Delhi,Credit Card,5,605.13
O0999,C3965,Behrouz Biryani,Continental,2023-04-08 11:23:00,2023-04-08 11:52:00,Ahmedabad,Wallet,4,173.99
O1000,C7486,Oven Story Pizza,Biryani,2023-02-05 11:47:00,2023-02-05 12:10:00,Delhi,COD,4,610.6
